job_offer_id,client_name,job_offer_name,job_tag,job_offer_areas,job_offer_skill_names,employee_count,established,job_offer_min_salary,job_offer_max_salary,avg_salary
294845,株式会社 WorkX,9/5 AIイベント,その他,['東京都'],"['Python', 'AWS', 'Azure', 'GCP']",105,2018-09-30 15:00:00,600,1400.0,1000.0
294597,株式会社 Nint,データエンジニア,データエンジニア,['東京都'],"['SQL', 'Python', 'R', 'Hadoop', 'AWS', 'MySQL', 'Azure', 'Elasticsearch', 'GCP', 'Spark']",93,2019-01-31 15:00:00,700,1000.0,850.0
294644,イグニション・ポイントフォース 株式会社,AIエンジニア【マネジメント・テックリード・新規事業リーダーへキャリアアップも可能】,AIエンジニア,"['東京都', '三重県', 'フルリモート']","['JavaScript', 'Python', 'Go', 'Django', 'Node.js', 'React', 'TypeScript', 'AWS', 'TensorFlow', 'Salesforce']",70,2020-06-30 15:00:00,400,1000.0,700.0
294609,株式会社 アークウィズコンサルティング,AIエンジニア,AIエンジニア,"['東京都', '神奈川県', '千葉県', '埼玉県', 'フルリモート']","['JavaScript', 'Python', 'Django', 'React', 'AWS', 'Azure']",150,2022-07-31 15:00:00,500,1500.0,1000.0
254730,AZPower 株式会社,AI開発エンジニア,AIエンジニア,"['東京都', 'フルリモート']","['Python', 'Azure']",28,2015-02-28 15:00:00,470,860.0,665.0
288626,株式会社 博報堂テクノロジーズ,【AI領域】データサイエンティスト（広告運用）,データサイエンティスト,['東京都'],"['Python', 'AWS', 'Docker']",461,2022-03-31 15:00:00,700,1300.0,1000.0
294958,株式会社 アクセルスペースホールディングス,地球観測データサイエンティスト,データサイエンティスト,['東京都'],"['Python', 'React', 'TypeScript', 'AWS', 'Docker', 'TensorFlow', 'Processing']",120,2008-07-31 15:00:00,500,1000.0,750.0
294689,株式会社 ドクターネット,AIエンジニア (画像認識、LLM),AIエンジニア,['東京都'],"['ASP', 'React', 'TypeScript', 'AWS', 'MySQL', 'Python3']",153,1994-12-31 15:00:00,700,1200.0,950.0
294795,株式会社 スタンバイ,データサイエンティスト,データサイエンティスト,['東京都'],"['Java', 'Python', 'Scala', 'Go', 'Play Framework', 'TypeScript', 'AWS', 'Docker', 'MySQL', 'Vue.js', 'Nginx', 'Kotlin', 'Azure', 'Lambda', 'Kubernetes', 'Jenkins', 'Elasticsearch', 'Rust', 'GCP', 'Fluentd', 'Nuxt.js', 'Fargate']",245,2019-10-31 15:00:00,700,1200.0,950.0
293781,株式会社 Voicy,AIリードエンジニア,その他,['東京都'],[],32,2016-01-31 15:00:00,900,2000.0,1450.0
295082,株式会社 データホライゾン,システムエンジニア（未経験OK）／広島本社,その他,['広島県'],"['C#', 'SQL', 'Java', 'Oracle']",276,1982-02-28 15:00:00,450,550.0,500.0
294449,ブーストコンサルティング 株式会社,AIエージェント開発エンジニア,その他,['東京都'],"['Java', 'Python', 'Go', 'Node.js', 'AWS', 'Docker', 'Azure', 'GCP']",20,2025-03-31 15:00:00,500,1200.0,850.0
291192,株式会社 BTM,【プロンプトエンジニア】Azure AIに特化した急成長企業！自由度高く開発経験を活かしませんか？,その他,"['東京都', '神奈川県', '千葉県', '埼玉県', '大阪府', '兵庫県', '京都府', '愛知県', '北海道', '青森県', '岩手県', '宮城県', '秋田県', '山形県', '福島県', '茨城県', '栃木県', '群馬県', '新潟県', '富山県', '石川県', '福井県', '山梨県', '長野県', '岐阜県', '静岡県', '三重県', '滋賀県', '奈良県', '和歌山県', '鳥取県', '島根県', '岡山県', '広島県', '山口県', '徳島県', '香川県', '愛媛県', '高知県', '福岡県', '佐賀県', '長崎県', '熊本県', '大分県', '宮崎県', '鹿児島県', '沖縄県', 'フルリモート']","['SQL', 'Docker', 'TensorFlow', 'Azure', 'Kubernetes']",219,2011-07-31 15:00:00,400,900.0,650.0
273756,株式会社 EQUES,AIエンジニア,AIエンジニア,['東京都'],"['Python', 'AWS']",50,2022-01-31 15:00:00,450,1200.0,825.0
294439,OLTA 株式会社,シニアデータサイエンティスト,データサイエンティスト,['東京都'],"['SQL', 'R', 'pandas']",118,2017-03-31 15:00:00,1000,900.0,950.0
280423,株式会社 エーアイスクエア,最先端AI技術を牽引する機械学習エンジニア,AIエンジニア,['東京都'],"['Python', 'Go', 'React', 'TypeScript', 'AWS', 'Docker', 'TensorFlow', 'PostgreSQL', 'Azure', 'Lambda', 'NodeJS', 'scikit-learn', 'Fargate']",35,2015-11-30 15:00:00,600,900.0,750.0
232627,株式会社 エスタイル,AIエンジニア,AIエンジニア,['東京都'],"['Python', 'AWS', 'Azure']",63,2006-06-30 15:00:00,400,600.0,500.0
284800,株式会社 マイナビ,【リモート・時差・副業可】データ仮想基盤の運用担当,その他,['東京都'],[],12400,1973-07-31 15:00:00,450,700.0,575.0
99076,株式会社 ラクスパートナーズ,【機械学習・データサイエンティスト】/Openworkスコア3.9（上位１％）,データサイエンティスト,['東京都'],"['SQL', 'Python', 'AWS', 'Keras', 'pandas']",1108,2018-02-28 15:00:00,370,880.0,625.0
294554,株式会社 Ridge-i,AIエンジニア（PM候補）,AIエンジニア,['東京都'],"['AWS', 'Azure', 'GCP']",84,,800,1200.0,1000.0
131157,株式会社 ジェーエムエーシステムズ,【東京】エンジニア（ChatGPT等の先端技術の開発）【ID0000069】,その他,['東京都'],"['AWS', 'Azure', 'Google Cloud Platform']",329,1971-10-31 15:00:00,699,1084.0,891.5
294183,フリー 株式会社,Business Application Engineer,その他,['東京都'],"['AWS', 'Docker', 'Python3', 'GCP', 'SRE']",1722,2012-06-30 15:00:00,550,950.0,750.0
250301,株式会社 スリーシェイク,Sreake_MLエンジニア,AIエンジニア,"['東京都', '神奈川県', '千葉県', '埼玉県']","['Python', 'AWS', 'Jupyter', 'SRE']",190,2014-12-31 15:00:00,750,1500.0,1125.0
278556,株式会社 Rosso,機械学習（AI）エンジニア,その他,['東京都'],"['Python', 'AWS', 'TensorFlow', 'pandas', 'scikit-learn', 'SAP']",93,2006-04-30 15:00:00,450,800.0,625.0
294517,株式会社 福岡銀行,データサイエンティスト＜福岡銀行＞,データサイエンティスト,['福岡県'],"['SQL', 'Python', 'R']",3718,1945-02-28 15:00:00,600,1500.0,1050.0
282825,株式会社 TWOSTONE&Sons,【急募】★銀行様向け EUCシステム基盤更改★,その他,"['東京都', '神奈川県', '千葉県', '埼玉県', '大阪府', '兵庫県', '京都府', '愛知県', '北海道', '青森県', '岩手県', '宮城県', '秋田県', '山形県', '福島県', '茨城県', '栃木県', '群馬県', '新潟県', '富山県', '石川県', '福井県', '山梨県', '長野県', '岐阜県', '静岡県', '三重県', '滋賀県', '奈良県', '和歌山県', '鳥取県', '島根県', '岡山県', '広島県', '山口県', '徳島県', '香川県', '愛媛県', '高知県', '福岡県', '佐賀県', '長崎県', '熊本県', '大分県', '宮崎県', '鹿児島県', '沖縄県', 'フルリモート']","['SQL', 'AWS']",368,2013-09-30 15:00:00,660,960.0,810.0
294243,VISITS Technologies 株式会社,AIエンジニア(LLMを活用したAIエージェント開発),AIエンジニア,['東京都'],"['Python', 'Azure']",60,2014-05-31 15:00:00,700,900.0,800.0
267012,株式会社 ヘッドウォータース,データエンジニア,データエンジニア,"['東京都', 'フルリモート']","['C', 'C++', 'JavaScript', 'SQL', 'Java', 'Python', 'Node.js', 'Hadoop', 'TypeScript', 'AWS', 'Docker', 'Apache', 'IoT', 'Azure', 'Spark']",290,2005-10-31 15:00:00,600,900.0,750.0
292964,株式会社 Zhienius,AIエージェント開発エンジニア,その他,"['東京都', '神奈川県', '千葉県', '埼玉県', 'フルリモート']","['Ruby', 'Java', 'Python', 'Ruby on Rails', 'Django', 'Node.js', 'React', 'TypeScript', 'AWS', 'Docker', 'MySQL', 'Laravel', 'Nginx', 'Apache', 'Azure', 'Oracle', 'MongoDB', 'Spring', 'GCP', 'Redis', 'SQLServer']",10,2020-11-30 15:00:00,510,1200.0,855.0
285065,One人事 株式会社,Webエンジニア職 AI・DX案件に携わるチャンス/人気案件/AI開発やDX案件など,その他,"['東京都', '神奈川県', '千葉県', '埼玉県', '大阪府', '兵庫県', '京都府', '愛知県', '北海道', '宮城県', '茨城県', '栃木県', '群馬県', '広島県', '福岡県']","['JavaScript', 'Python', 'Node.js', 'React', 'TypeScript', 'AWS', 'Vue.js', 'Azure', 'Firebase', 'Express', 'Nuxt.js', 'Flutter']",351,2008-09-30 15:00:00,400,900.0,650.0
215296,株式会社 インサイトテクノロジー,01.DBエンジニア #常駐なし #リモート・フレックス有,データエンジニア,['東京都'],"['PostgreSQL', 'Oracle', 'SQLServer']",100,1995-06-30 15:00:00,600,900.0,750.0
187679,株式会社 メンバーズ メンバーズデータアドベンチャーカンパニー,（職種未経験者歓迎）データエンジニア,データエンジニア,"['東京都', '神奈川県']","['C', 'SQL', 'Java', 'Python', 'R', 'AWS', 'MySQL', 'PostgreSQL', 'Lambda', 'GCP']",2303,1995-05-31 15:00:00,400,600.0,500.0
294323,株式会社 kickflow,ソフトウェアエンジニア（AI）,その他,['フルリモート'],"['Ruby', 'Ruby on Rails']",34,2020-01-31 15:00:00,600,1600.0,1100.0
261375,KYLA 株式会社,データサイエンティスト/アナリスト/AI開発,データサイエンティスト,"['東京都', '神奈川県', '千葉県', '埼玉県']","['SQL', 'Java', 'Python', 'Scala', 'R', 'AWS', 'TensorFlow', 'pandas']",50,,400,780.0,590.0
287463,株式会社 WEEL,フルリモ×前職給与完全保証｜日本全国から生成AI市場を加速させるエンジニアを募集しています！,その他,"['東京都', 'フルリモート']","['Python', 'React', 'TypeScript', 'AWS', 'Docker', 'Azure', 'Lambda']",20,2017-08-31 15:00:00,450,700.0,575.0
293440,株式会社 NextBits,AI開発エンジニア,AIエンジニア,"['東京都', '神奈川県', '千葉県', '埼玉県']","['Python', 'AWS', 'Azure', 'Lambda', 'Kubernetes']",6,2021-08-31 15:00:00,400,600.0,500.0
294524,株式会社 カオナビ,【AI推進室】ソフトウェアエンジニア,その他,"['東京都', 'フルリモート']",[],394,2008-04-30 15:00:00,750,1200.0,975.0
253073,株式会社 フォーク,データサイエンティスト,データサイエンティスト,['東京都'],"['SQL', 'Python', 'R', 'Hadoop', 'AWS', 'GCP', 'Spark']",203,1999-04-30 15:00:00,433,802.0,617.5
294052,10X 株式会社,最先端AI技術を習得！未来を創る生成AIエンジニアを募集！,AIエンジニア,"['東京都', '神奈川県', '千葉県', '埼玉県', '大阪府', '兵庫県', '京都府', '愛知県', '福岡県']","['Java', 'Python']",20,2020-01-31 15:00:00,500,1040.0,770.0
99690,株式会社 スマレジ,AIエンジニア（⼤阪）,AIエンジニア,['大阪府'],"['Python', 'AWS', 'Docker', 'IoT', 'Jupyter']",322,2005-04-30 15:00:00,400,800.0,600.0
277047,LINE Digital Frontier 株式会社,データサイエンティスト/ LINEマンガ/ LINE Digital Frontier,データサイエンティスト,['東京都'],"['SQL', 'Python', 'R', 'iOS']",500,2018-06-30 15:00:00,800,1200.0,1000.0
163804,ピセ 株式会社,開発エンジニア（データマート）,その他,['東京都'],"['SQL', 'Oracle']",120,1992-08-31 15:00:00,330,510.0,420.0
276448,株式会社 ギブリー,【AI Lab】AIエンジニア,AIエンジニア,"['東京都', 'フルリモート']","['Python', 'React', 'TypeScript', 'AWS', 'MySQL', 'PostgreSQL', 'Azure', 'GCP', 'Flask']",581,2009-03-31 15:00:00,720,1100.0,910.0
287905,株式会社 e-Mint,【Pythonエンジニア】急成長のスタートアップ企業でAI×SESエンジニアを募集中,その他,"['東京都', '神奈川県', '千葉県', '埼玉県', '茨城県', '栃木県', '群馬県']","['Java', 'Python', 'TypeScript', 'Spring']",15,2024-10-31 15:00:00,400,1200.0,800.0
279031,株式会社 IRIAM,データストラテジスト,その他,"['東京都', 'フルリモート']",['SQL'],132,2020-04-30 15:00:00,900,1400.0,1150.0
269447,株式会社 ラクス,東京／AI(精算)／C3-SP[開発],その他,['東京都'],['Python'],3086,2000-10-31 15:00:00,648,966.0,807.0
285739,株式会社 フォーデジット,Engineer (AI開発活用),その他,['東京都'],"['JavaScript', 'SQL', 'Python', 'Node.js', 'React', 'TypeScript', 'AWS', 'Lambda', 'OpenCV', 'MongoDB', 'pandas', 'Matplotlib', 'Express']",179,2001-06-30 15:00:00,500,1000.0,750.0
264349,DATUM STUDIO 株式会社,データエンジニア,データエンジニア,['東京都'],"['SQL', 'Java', 'Python', 'Scala', 'Hadoop', 'AWS', 'Azure', 'GCP', 'Spark']",148,2014-07-31 15:00:00,570,800.0,685.0
289920,アナグラム 株式会社,※CTO候補※マーケ支援会社のデータエンジニア／テックリード【安定した事業基盤のもと、裁量を持ってゼロイチに挑戦したい方】,データエンジニア,['東京都'],"['SQL', 'AWS', 'GCP']",120,2010-03-31 15:00:00,1000,900.0,950.0
269598,株式会社 KMS,toB×自社プロダクト｜Chat GPTを超えるAIモデルを作りませんか？,その他,['東京都'],"['C#', 'JavaScript', 'ASP', 'ASP.NET', 'SQL', 'PHP', 'Ruby', 'Java', 'Python', 'AWS', 'Azure', 'Redis']",230,2015-06-30 15:00:00,450,750.0,600.0
236879,株式会社 ニコンシステム,〈DM-1〉【札幌】映像・新規事業システム開発,その他,['北海道'],"['C', 'Python']",475,1986-03-31 15:00:00,500,800.0,650.0
269155,株式会社 ピアズ,未経験エンジニア,その他,['東京都'],[],815,2004-12-31 15:00:00,280,360.0,320.0
177585,株式会社 スイッチメディア,データエンジニア,データエンジニア,['東京都'],"['C', 'SQL', 'Hadoop', 'TypeScript', 'AWS', 'PostgreSQL', 'Kotlin', 'DDD']",31,2012-09-30 15:00:00,650,900.0,775.0
261414,株式会社 PKSHA Infinity（旧：アーニーMLG株式会社）,AI開発エンジニア,AIエンジニア,['福岡県'],"['JavaScript', 'SQL', 'Python', 'React', 'AWS', 'Docker', 'Vue.js', 'Angular']",50,2019-09-30 15:00:00,450,1000.0,725.0
270637,株式会社 ビットエー,AIエンジニア【デジタルパートナー事業部】,AIエンジニア,['東京都'],"['SQL', 'Python', 'AWS', 'Docker', 'pandas', 'Spark', 'scikit-learn', 'Fargate']",196,2011-06-30 15:00:00,600,1000.0,800.0
283319,株式会社 ドワンゴ,【旧KDX】機械学習エンジニア,AIエンジニア,"['東京都', '埼玉県']","['Python', 'AWS']",1000,1997-07-31 15:00:00,660,848.0,754.0
226213,株式会社 FLINTERS,データエンジニア BASE,データエンジニア,"['東京都', '神奈川県', '千葉県', '埼玉県', '茨城県', '栃木県', '群馬県']","['SQL', 'Python', 'AWS', 'Docker']",90,2013-12-31 15:00:00,350,450.0,400.0
291330,データアナリティクスラボ 株式会社,【未経験歓迎】データサイエンティスト職＿統計×ビジネス×AIを操る“分析のプロフェッショナル”へ,データサイエンティスト,"['東京都', '大阪府', '愛知県']",['Python'],185,2019-03-31 15:00:00,350,700.0,525.0
290448,フルカイテン 株式会社,導入コンサルタント（データコンサルタント）,その他,"['東京都', '大阪府', '長野県', 'フルリモート']",['SQL'],52,2012-04-30 15:00:00,500,800.0,650.0
181969,HEROZ 株式会社,データサイエンティスト,データサイエンティスト,['東京都'],['Python'],92,2009-03-31 15:00:00,600,1500.0,1050.0
207810,GROOVE X 株式会社,音声認識エンジニア,その他,['東京都'],"['C', 'C++', 'Python']",202,2015-10-31 15:00:00,450,1000.0,725.0
291877,株式会社 ゼロフィールド,ITエンジニア【福井】,その他,['福井県'],"['JavaScript', 'Ruby', 'Python', 'R', 'Ruby on Rails', 'React', 'TypeScript', 'AWS', 'Docker', 'MySQL', 'Nginx', 'TensorFlow', 'PostgreSQL', 'Lambda', 'Kubernetes', 'Angular', 'Redis', 'Flask']",29,2017-03-31 15:00:00,500,800.0,650.0
289023,株式会社 TOKIUM,【エンジニア】経理AIエージェント開発／リーダー候補,その他,['東京都'],"['JavaScript', 'Python', 'TypeScript', 'AWS', 'Lambda']",244,2012-05-31 15:00:00,600,800.0,700.0
231375,燈 株式会社,アルゴリズム/AIエンジニア【DX Solution事業本部】,AIエンジニア,['東京都'],"['Python', 'Node.js', 'React', 'TypeScript', 'AWS', 'Azure', 'OpenCV', 'Kubernetes', 'pandas']",280,2021-01-31 15:00:00,800,1200.0,1000.0
250479,株式会社 Srush,Webエンジニア,その他,['東京都'],"['SQL', 'Python', 'Swift', 'AWS', 'Azure', 'GCP']",12,2019-10-31 15:00:00,600,800.0,700.0
286464,株式会社 神戸デジタル・ラボ,データエンジニア,データエンジニア,"['東京都', '神奈川県', '千葉県', '埼玉県', '大阪府', '兵庫県', '京都府', '愛知県', '茨城県', '栃木県', '群馬県', '岐阜県', '静岡県', '三重県', '滋賀県', '奈良県', '和歌山県', '鳥取県', '島根県', '岡山県', '広島県', '山口県', '徳島県', '香川県', '愛媛県', '高知県', '福岡県', 'フルリモート']","['Python', 'AWS', 'Docker', 'PostgreSQL', 'IoT', 'Azure', 'pandas', 'GCP']",168,1995-09-30 15:00:00,500,1000.0,750.0
294081,株式会社 cococo,データエンジニア（メンバーポジション）,データエンジニア,['東京都'],"['SQL', 'Python', 'AWS', 'Azure', 'GCP']",10,2023-11-30 15:00:00,400,550.0,475.0
273559,株式会社 GIB Japan,AIエンジニア（Python）,AIエンジニア,['東京都'],"['Python', 'Docker']",20,2003-03-31 15:00:00,350,700.0,525.0
257296,株式会社 BREXA Technology 機電事業本部,AIエンジニア（東京）,AIエンジニア,['東京都'],"['アセンブラ', 'R']",20061,2004-11-30 15:00:00,350,600.0,475.0
271423,株式会社 VRAIN Solution,【DX事業開発部】AIコンサルティングエンジニア,その他,['東京都'],"['Python', 'TensorFlow']",97,2020-02-29 15:00:00,320,800.0,560.0
267195,株式会社 プロリク,リードエンジニア,その他,['フルリモート'],"['Node.js', 'TypeScript', 'AWS', 'PostgreSQL']",6,2020-01-31 15:00:00,600,900.0,750.0
280588,メトロウェザー 株式会社,データサイエンティスト,データサイエンティスト,['京都府'],"['Python', 'AWS', 'Jupyter']",36,2015-04-30 15:00:00,500,700.0,600.0
153846,ビットバンク 株式会社,データエンジニア,データエンジニア,"['東京都', 'フルリモート']","['SQL', 'AWS', 'GCP']",160,2014-04-30 15:00:00,600,1100.0,850.0
287411,株式会社 FiNC Technologies,AIエンジニア｜フルリモ/フレックス＊LangChain・LLMOps活用で“人の健康を支えるAIプロダクト”を共に創る,AIエンジニア,"['東京都', 'フルリモート']","['Ruby', 'Go', 'Dart', 'Ruby on Rails', 'React', 'TypeScript', 'AWS', 'MySQL', 'Elasticsearch', 'Redis', 'Flutter']",48,2012-03-31 15:00:00,500,700.0,600.0
287457,株式会社 Carat,プリンシパルエンジニア（生成AI/LLM関連）,その他,"['東京都', 'フルリモート']","['C#', 'C', 'C++', 'PHP', 'Ruby', 'Java', 'Python', 'Scala', 'Go', 'React', 'TypeScript', 'AWS', 'Azure', 'Rust', 'GCP', 'React Native', 'Fargate', 'SRE']",10,2016-11-30 15:00:00,800,1200.0,1000.0
239694,株式会社 oneroots,データサイエンティスト,データサイエンティスト,['東京都'],"['SQL', 'Python', 'R', 'AWS', 'TensorFlow', 'Azure', 'GCP']",10,2021-06-30 15:00:00,800,1000.0,900.0
188332,株式会社 ジール,【大阪】データエンジニア（若手・未経験ハイポテンシャル層向け）,データエンジニア,['大阪府'],['SQL'],503,2012-06-30 15:00:00,400,430.0,415.0
293842,Polimill 株式会社,AI/NLPエンジニア（ナレッジグラフ＆セマンティックシステム）技術リーダー,その他,['東京都'],[],20,,1500,2200.0,1850.0
293412,株式会社 クリーク・アンド・リバー社,【BXG】データサイエンティスト,データサイエンティスト,['東京都'],"['Python', 'R', 'AWS', 'GCP']",1034,1990-02-28 15:00:00,600,1200.0,900.0
281074,株式会社 JMDC,【データウェアハウス開発部】マネージャー候補,その他,['東京都'],"['SQL', 'Python', 'AWS', 'PostgreSQL', 'Lambda', 'Jenkins', 'Oracle']",321,2001-12-31 15:00:00,600,1200.0,900.0
261523,アスエネ 株式会社,AIエンジニア,AIエンジニア,"['東京都', 'フルリモート']","['PHP', 'Python', 'AWS', 'Laravel', 'PostgreSQL', 'GCP', 'Express']",430,2019-09-30 15:00:00,700,1500.0,1100.0
168613,株式会社 アイリッジ,【アイリッジ】＜自社プロダクト開発＞データエンジニア,データエンジニア,"['東京都', 'フルリモート']","['SQL', 'Python', 'AWS', 'Docker', 'Vue.js', 'Nginx', 'Lambda', 'GCP', 'Fluentd', 'Flask']",180,2008-07-31 15:00:00,476,686.0,581.0
293490,株式会社 エニセンス,東京 生成AIエンジニア,AIエンジニア,"['東京都', '神奈川県', '千葉県', '大阪府', '福岡県', '佐賀県', '長崎県', '熊本県', '鹿児島県', 'フルリモート']","['Python', 'Go', 'TypeScript', 'Docker', 'Elasticsearch']",25,2007-03-31 15:00:00,440,700.0,570.0
249596,エムシーディースリー 株式会社,【建設クラウド】DataHub　開発リード,その他,['東京都'],"['AWS', 'Azure']",250,2015-03-31 15:00:00,704,1100.0,902.0
292059,jinjer 株式会社,AIエンジニア,AIエンジニア,['東京都'],"['Python', 'AWS', 'Docker', 'TensorFlow', 'Azure', 'Kubernetes', 'pandas', 'GCP', 'scikit-learn']",486,2015-12-31 15:00:00,650,1000.0,825.0
184417,株式会社 セルシス,【機械学習エンジニア】フルリモート可｜最先端のAI技術でクリエイティブ支援を革新する描画アプリ開発に挑戦！,AIエンジニア,['東京都'],"['C', 'C++', 'Python', 'Docker', 'OpenCV', 'pandas', 'scikit-learn']",279,1991-04-30 15:00:00,500,1500.0,1000.0
155957,株式会社 ルーツ・テクノロジーズ,【経験者歓迎/BIエンジニア】BIツールの導入支援～データ利活用支援！,その他,"['東京都', '神奈川県', '千葉県', '埼玉県']","['SQL', 'Python', 'AWS', 'Azure', 'GCP']",12,2013-11-30 15:00:00,400,800.0,600.0
277868,株式会社 PKSHA Associates,AIプロダクトエンジニア（自社開発）,その他,['東京都'],"['JavaScript', 'Java', 'Python', 'React', 'TypeScript', 'AWS', 'Kotlin', 'Azure', 'Jenkins']",40,2015-02-28 15:00:00,800,1500.0,1150.0
293733,株式会社 朝日新聞社,データサイエンティスト【メディア研究開発センター】,データサイエンティスト,['東京都'],"['SQL', 'Python', 'R', 'TensorFlow', 'scikit-learn']",3742,,700,1100.0,900.0
286196,株式会社 テックエデュケイションカンパニー,【AI/MLOpsエンジニア】,その他,"['東京都', '神奈川県', '千葉県', '埼玉県', '大阪府', '兵庫県', '京都府', 'フルリモート']","['Java', 'Python', 'Scala', 'Go', 'R', 'React', 'TypeScript', 'AWS', 'TensorFlow', 'Azure', 'Lambda', 'pandas', 'GCP', 'scikit-learn']",150,2013-02-28 15:00:00,42,80.0,61.0
288361,TRUSTART 株式会社,◢◤ビッグデータ人材◢◤データオペレーションスタッフ,その他,['東京都'],"['SQL', 'Python']",31,2020-04-30 15:00:00,400,800.0,600.0
98422,株式会社 DONUTS,【ジョブカン】AIエンジニア（東京）,AIエンジニア,['東京都'],"['SQL', 'Docker', 'MySQL', 'Python3', 'Kubernetes', 'GCP', 'scikit-learn', 'Flask']",880,2007-01-31 15:00:00,400,600.0,500.0
288315,株式会社 Hacobu,物流DX | データエンジニア,データエンジニア,['東京都'],"['SQL', 'Python', 'Go', 'R', 'AWS', 'Docker', 'GCP']",150,2015-05-31 15:00:00,700,1200.0,950.0
256330,株式会社 grasys,データサイエンティスト,データサイエンティスト,['東京都'],[],48,,400,700.0,550.0
292361,株式会社 レオンテクノロジー,【福岡】フルスタックエンジニア,その他,['福岡県'],"['JavaScript', 'PHP', 'Python', 'Go', 'Django', 'React', 'TypeScript', 'AWS', 'Docker', 'Vue.js', 'IoT', 'Rust', 'Flask']",50,2005-02-28 15:00:00,360,600.0,480.0
279493,株式会社 メンバーズ,◆アナリティクスエンジニア（GA20250307）◆,その他,['東京都'],"['JavaScript', 'Salesforce']",2967,1995-05-31 15:00:00,400,700.0,550.0
283078,株式会社 ディーエスエス,【AI領域未経験可】データエンジニア／データサイエンティスト／AIエンジニア（即戦力・経験者歓迎）,AIエンジニア,['東京都'],"['C#', 'SQL', 'Ruby', 'Java', 'Python', 'AWS', 'TensorFlow', 'Azure', 'GCP', 'scikit-learn']",80,2014-01-31 15:00:00,450,700.0,575.0
292290,株式会社 コラビット,機械学習エンジニア,AIエンジニア,['東京都'],"['SQL', 'Python', 'AWS', 'GCP']",18,2011-05-31 15:00:00,700,1000.0,850.0
291368,システムワークスジャパン 株式会社,【鎌倉】AIプロンプトエンジニア,その他,['神奈川県'],"['C', 'Java', 'COBOL', 'Python', 'PowerShell']",43,1988-09-30 15:00:00,550,850.0,700.0
263269,Trust 株式会社,【シニアデータサイエンティスト】,データサイエンティスト,['東京都'],"['Python', 'R']",60,2022-10-31 15:00:00,800,2000.0,1400.0
264995,株式会社 IHIエスキューブ,クラウド＆AI技術を駆使し、IHIグループの製造現場を変革するデータ活用エンジニア募集！,その他,['東京都'],"['C#', 'C', 'C++', 'JavaScript', 'SQL', 'Java', 'Python', 'Swift', 'TypeScript', 'AWS', 'Docker', 'MySQL', 'PostgreSQL', 'IoT', 'Spring']",517,2003-03-31 15:00:00,450,700.0,575.0
292532,株式会社 CAMPFIRE,【CAMPFIRE】データアナリスト/データサイエンティスト,データサイエンティスト,['フルリモート'],"['SQL', 'Python', 'R', 'AWS', 'Azure', 'GCP']",268,2010-12-31 15:00:00,500,800.0,650.0
292264,株式会社 ビズアップ総研,AIエンジニア/DX推進担当,AIエンジニア,['東京都'],[],75,1998-09-30 15:00:00,600,800.0,700.0
181692,日本アイ・ビー・エム 株式会社,【ビッグデータ】ソリューションコンサルタント/データサイエンティスト,データサイエンティスト,['東京都'],"['Python', 'R']",0,1937-05-31 15:00:00,700,1400.0,1050.0
273954,株式会社 スキルアップNeXt(旧名:スキルアップAI),機械学習エンジニア,AIエンジニア,['東京都'],"['Python', 'AWS', 'Docker', 'TensorFlow', 'Azure', 'Google Cloud Platform', 'GCP', 'scikit-learn']",65,2018-04-30 15:00:00,500,1000.0,750.0
268517,株式会社 Asobica,データエンジニア,データエンジニア,"['東京都', '神奈川県', '千葉県', '埼玉県', '大阪府', '兵庫県', '京都府', '愛知県', '北海道', '青森県', '岩手県', '宮城県', '秋田県', '山形県', '福島県', '茨城県', '栃木県', '群馬県', '新潟県', '富山県', '石川県', '福井県', '山梨県', '長野県', '岐阜県', '静岡県', '三重県', '滋賀県', '奈良県', '和歌山県', '鳥取県', '島根県', '岡山県', '広島県', '山口県', '徳島県', '香川県', '愛媛県', '高知県', '福岡県', '佐賀県', '長崎県', '熊本県', '大分県', '宮崎県', '鹿児島県', '沖縄県', 'フルリモート']","['Ruby', 'Python', 'Dart', 'Ruby on Rails', 'jQuery', 'Node.js', 'React', 'TypeScript', 'AWS', 'Docker', 'MySQL', 'Apache', 'GCP', 'Flutter']",135,2018-01-31 15:00:00,720,1000.0,860.0
288533,株式会社 アクセライズ,営業向け商談解析システムの追加開発／多彩な福利厚生とカジュアルな社風で働きやすさを実現◎,その他,['東京都'],"['Java', 'Go', 'React', 'TypeScript', 'Kotlin', 'Salesforce', 'DDD']",650,2004-08-31 15:00:00,500,700.0,600.0
163222,株式会社 KUIX,【BI/DWエンジニア】,その他,['東京都'],[],19,2020-09-30 15:00:00,500,900.0,700.0
281161,アイレット 株式会社,データエンジニア,データエンジニア,"['東京都', '大阪府', '愛知県', '福岡県', 'フルリモート']","['SQL', 'Python']",1355,2003-09-30 15:00:00,400,900.0,650.0
280644,株式会社 MAZIN,AIシステムエンジニア（工場DX支援 ）,その他,"['東京都', '大阪府', '愛知県', '茨城県', '鳥取県']",['Python'],27,2018-05-31 15:00:00,500,900.0,700.0
281054,株式会社 クラウドワークス,AIエンジニア（機械学習）,AIエンジニア,['東京都'],"['Python', 'R']",400,2011-10-31 15:00:00,600,1500.0,1050.0
273185,株式会社 Arent,【シニアAIエンジニア】エンタープライズ向けVertical SaaS開発／フルリモート／フレックスタイム,AIエンジニア,"['東京都', '静岡県', 'フルリモート']",['TensorFlow'],132,2012-06-30 15:00:00,600,1000.0,800.0
166904,澪標アナリティクス 株式会社,【データサイエンスチーム／データサイエンティスト】最先端技術で高難度PJのデリバリー推進ポジション,データサイエンティスト,"['東京都', '神奈川県', '千葉県', '埼玉県', '茨城県', '栃木県', '群馬県', 'フルリモート']","['Python', 'R', 'AWS', 'Azure', 'GCP', 'Salesforce']",136,2014-05-31 15:00:00,660,1300.0,980.0
216706,株式会社 Skyfall,機械学習エンジニア,AIエンジニア,['東京都'],"['C#', 'ASP', 'ASP.NET', 'Python', 'React', 'TypeScript', 'AWS', 'MySQL', 'Azure', 'GCP']",188,2017-09-30 15:00:00,700,1000.0,850.0
267455,ナッシュ 株式会社,データエンジニア（メンバー）,データエンジニア,['大阪府'],"['SQL', 'Python', 'AWS', 'Docker', 'MySQL', 'PostgreSQL', 'Lambda', 'Oracle', 'GCP', 'Redis', 'SQLServer']",460,2016-05-31 15:00:00,540,840.0,690.0
291176,and roots 株式会社,バックエンド、フルスタック、プロジェクトマネージャー,その他,['福岡県'],"['Python', 'Node.js', 'React', 'AWS', 'Azure', 'GCP']",170,2012-08-31 15:00:00,440,600.0,520.0
240039,株式会社 クーリエ,データエンジニア,データエンジニア,['東京都'],"['SQL', 'Python', 'AWS', 'Azure', 'GCP']",200,2011-03-31 15:00:00,500,1300.0,900.0
259947,ARアドバンストテクノロジ 株式会社,【渋谷】データエンジニア,データエンジニア,"['東京都', 'フルリモート']","['SQL', 'Python', 'AWS', 'Azure', 'GCP']",566,2009-12-31 15:00:00,450,1500.0,975.0
291770,株式会社 Belong,Data Scientist,その他,['東京都'],"['SQL', 'Python', 'R', 'AWS', 'MySQL', 'TensorFlow', 'PostgreSQL', 'Azure', 'scikit-learn']",259,2019-01-31 15:00:00,500,1430.0,965.0
254795,アルファテクノロジー 株式会社,【東京】機械学習関連ソフトウェア開発※自社製品保有／エリア限定転勤／年間休日125日,その他,['東京都'],"['C', 'C++', 'Java', 'Python']",465,2004-08-31 15:00:00,420,650.0,535.0
254795,アルファテクノロジー 株式会社,【東京】機械学習関連ソフトウェア開発※自社製品保有／エリア限定転勤／年間休日125日,その他,['東京都'],"['C', 'C++', 'Java', 'Python']",465,2004-08-31 15:00:00,420,650.0,535.0
51908,株式会社 アルトナー,情報系研究開発職／HVG・経験者,その他,"['東京都', '神奈川県', '千葉県', '埼玉県', '大阪府', '兵庫県', '京都府', '愛知県', '岩手県', '宮城県', '秋田県', '茨城県', '栃木県', '群馬県', '富山県', '石川県', '山梨県', '長野県', '岐阜県', '静岡県', '三重県', '滋賀県', '奈良県', '和歌山県', '岡山県', '広島県', '福岡県', '長崎県', '熊本県', '大分県']","['C#', 'C', 'C++', 'SQL', 'Java', 'Python', 'R', 'IoT', 'Oracle']",1321,1962-08-31 15:00:00,520,1200.0,860.0
167092,株式会社 日本経済新聞社,■データエンジニア,データエンジニア,['東京都'],"['Java', 'Python', 'Go', 'Node.js', 'TypeScript', 'AWS', 'MySQL', 'PostgreSQL', 'Lambda', 'Elasticsearch', 'Rust', 'SRE']",3042,,650,1000.0,825.0
246229,株式会社 センティリオンシステム,AI/AXエンジニア（クラウドAIを活用した生成AIソリューション/AIトランスフォーメーション）,その他,"['大阪府', 'フルリモート']","['Python', 'Go', 'AWS', 'TensorFlow', 'Azure']",40,2005-06-30 15:00:00,600,1000.0,800.0
282766,株式会社 Almondo,AI/ソフトウェアエンジニア,その他,['東京都'],"['Python', 'React', 'TypeScript', 'Azure', 'pandas', 'Flask']",5,2023-01-31 15:00:00,450,960.0,705.0
290283,株式会社 Ptmind,【AIソリューションエンジニア】日中同時創業・国内シェア2位、184カ国20万ユーザーのPtmindで、SaaS・D2C・AI三事業を先端技術で牽引する中核メンバー募集！,その他,['東京都'],"['JavaScript', 'Python', 'Rust']",80,2010-11-30 15:00:00,500,900.0,700.0
246088,株式会社 ストリームライン,AIエンジニア,AIエンジニア,['フルリモート'],"['JavaScript', 'PHP', 'Python', 'React', 'TypeScript', 'AWS', 'Docker', 'Laravel', 'PostgreSQL', 'GCP']",22,2016-01-31 15:00:00,600,1000.0,800.0
255496,株式会社 ENZIAN,DBエンジニア,データエンジニア,"['東京都', '神奈川県', '千葉県', '埼玉県', '大阪府', '茨城県', '栃木県', '群馬県', '福岡県']","['AWS', 'MySQL', 'Oracle']",10,2022-02-28 15:00:00,450,1300.0,875.0
259140,ピクシーダストテクノロジーズ 株式会社,アルゴリズム開発エンジニア（音響センシング×AI活用事業）,その他,['東京都'],"['C', 'C++', 'Python', 'R', 'IoT']",84,2017-04-30 15:00:00,500,1200.0,850.0
266767,株式会社 THIRD,AI開発マネージャー,その他,"['東京都', 'フルリモート']","['C', 'C++', 'SQL', 'Java', 'Python', 'AWS', 'Azure', 'OpenCV', 'Jupyter', 'Keras', 'Rust', 'GCP', 'Chainer']",170,2015-09-30 15:00:00,800,1300.0,1050.0
271682,株式会社 アリストル（旧：BeatFit）,データエンジニア／データサイエンティスト,データサイエンティスト,"['東京都', '大阪府']",[],15,2017-12-31 15:00:00,400,1200.0,800.0
253102,株式会社 Relic,AI/LLMエンジニア,AIエンジニア,"['東京都', '埼玉県', '大阪府', '京都府', '愛知県', '北海道', '宮城県', '富山県', '静岡県', '滋賀県', '和歌山県', '島根県', '広島県', '愛媛県', '福岡県', '沖縄県']","['Python', 'R', 'TypeScript', 'Docker']",350,2015-04-30 15:00:00,600,1000.0,800.0
267933,株式会社 グラフ,データサイエンティスト,データサイエンティスト,['東京都'],"['SQL', 'Python']",15,2015-09-30 15:00:00,520,900.0,710.0
114066,矢崎総業株式会社 AI・デジタル室,データサイエンティスト（テーブルデータ・時系列データ領域）,データサイエンティスト,"['東京都', 'フルリモート']","['Python', 'AWS']",50,,700,1300.0,1000.0
255310,株式会社 アイソルート,データエンジニア/チームの立ち上げ期に関わる！,データエンジニア,['東京都'],"['JavaScript', 'SQL', 'PHP', 'Ruby', 'Java', 'Python', 'AWS', 'GCP']",190,1999-08-31 15:00:00,470,670.0,570.0
287243,株式会社 モンスターラボ,AI駆動開発エンジニア,その他,"['東京都', '神奈川県', '千葉県', '埼玉県']","['Java', 'Python', 'Django', 'React', 'TypeScript', 'AWS', 'Docker', 'Golang', 'IoT', 'Azure', 'Spring', 'GCP', 'VR', 'Flutter']",240,2006-01-31 15:00:00,600,800.0,700.0
281635,株式会社 ニジボックス,【北海道 / 札幌勤務】【ポテンシャル歓迎】リクルートグループにおけるデータ利活用を推進するBIエンジニア,その他,['北海道'],"['SQL', 'Python', 'AWS', 'GCP']",297,2010-10-31 15:00:00,420,625.0,522.5
273582,株式会社 CARTA HOLDINGS,CTO室 Generative AI Lab ソフトウェアエンジニア,その他,['東京都'],[],1563,1999-09-30 15:00:00,800,1200.0,1000.0
290886,株式会社 サイバーエージェント,【Re:Career採用】オープンポジション,その他,['東京都'],[],6337,1998-02-28 15:00:00,504,900.0,702.0
281150,株式会社 AIメディカルサービス,AIシーズリサーチャー,その他,['東京都'],['TensorFlow'],100,2017-08-31 15:00:00,600,1200.0,900.0
276576,BRANU 株式会社,データエンジニア,データエンジニア,['東京都'],"['SQL', 'Python', 'R', 'AWS']",210,2009-07-31 15:00:00,600,1000.0,800.0
291610,株式会社 キカガク,【CTO室】フルスタックエンジニア,その他,"['東京都', 'フルリモート']","['React', 'TypeScript', 'AWS', 'GCP']",130,2016-12-31 15:00:00,600,1000.0,800.0
262426,CLINKS 株式会社,～ AIシステム開発、PMO、PM／PL 経験者を募集！～ 場所や時間に捉われない働き方を強力に推進。フルリモートも可能～,その他,"['東京都', '神奈川県', '千葉県', '埼玉県', 'フルリモート']","['JavaScript', 'SQL', 'Python', 'Swift', 'Scala', 'AWS', 'TensorFlow', 'Kotlin', 'Azure', 'Keras', 'pandas', 'GCP', 'Chainer', 'scikit-learn']",1273,2002-11-30 15:00:00,500,900.0,700.0
256987,株式会社 Gaudiy,データエンジニア,データエンジニア,['東京都'],"['Python', 'Go', 'AWS', 'GCP']",113,2018-04-30 15:00:00,600,1200.0,900.0
287675,PayPay銀行 株式会社,情報系システムエンジニア,その他,['東京都'],"['AWS', 'Oracle']",414,2000-08-31 15:00:00,600,1080.0,840.0
289383,株式会社 エスマット,シニアデータエンジニア （データ信頼性・品質基盤チームリーダー）,データエンジニア,['東京都'],"['AWS', 'IoT', 'GCP', 'scikit-learn']",60,2014-10-31 15:00:00,700,1100.0,900.0
288520,株式会社 OPTEMO,自社SaaSプロダクトAIエンジニア募集！｜大規模データ活用/自社プロダクト/フルリモート・フルフレックス,AIエンジニア,['フルリモート'],"['Python', 'Go', 'React', 'TypeScript', 'AWS', 'Docker', 'MySQL', 'Azure', 'Lambda', 'Fargate']",23,2020-06-30 15:00:00,500,1000.0,750.0
287865,AIタレントフォース 株式会社,AI Engineer｜AIエンジニア（外国籍歓迎）,AIエンジニア,['東京都'],"['C#', 'JavaScript', 'SQL', 'PHP', 'Ruby', 'Java', 'Python', 'Ruby on Rails', 'AWS', 'MySQL', 'PostgreSQL', 'Azure', 'Oracle', 'GCP']",20,2024-07-31 15:00:00,400,900.0,650.0
80992,Baseconnect 株式会社,【社員】AIエンジニア,AIエンジニア,['京都府'],"['Python', 'AWS']",80,2016-12-31 15:00:00,650,1200.0,925.0
292390,ＧＭＯメディア 株式会社,"データサイエンティスト,データエンジニア",データサイエンティスト,['東京都'],"['SQL', 'Python', 'AWS', 'GCP']",175,2000-09-30 15:00:00,552,800.0,676.0
83190,株式会社 データフォーシーズ,金融系データサイエンティスト　プロジェクトリーダー候補,データサイエンティスト,['東京都'],"['Python', 'R']",195,2005-09-30 15:00:00,700,1000.0,850.0
173246,株式会社 ベネフィット・ワン,データ基盤構築エンジニア,その他,['東京都'],['SQL'],1192,1996-02-29 15:00:00,500,1200.0,850.0
181907,ファインディ 株式会社,データエンジニア（メンバー）,データエンジニア,['東京都'],"['SQL', 'Python', 'AWS', 'Docker', 'MySQL', 'Jupyter', 'GCP', 'Redis']",229,2016-06-30 15:00:00,650,800.0,725.0
124582,株式会社 アイビス,【東京】AIエンジニア,AIエンジニア,['東京都'],"['C#', 'C', 'C++', 'Python']",334,2000-04-30 15:00:00,500,900.0,700.0
286392,Hmcomm 株式会社,データサイエンティスト,データサイエンティスト,['東京都'],"['Python', 'AWS', 'MySQL', 'PostgreSQL', 'IoT', 'Azure', 'Oracle', 'pandas', 'GCP']",40,2012-06-30 15:00:00,500,800.0,650.0
285989,弥生 株式会社,エンジニア（データプロダクト推進部）※リモート可,その他,"['東京都', '神奈川県', '千葉県', '埼玉県', '茨城県', '栃木県', '群馬県']","['Python', 'AWS', 'MySQL', 'Apache', 'Lambda', 'Spark']",937,1978-11-30 15:00:00,600,910.0,755.0
264107,株式会社 ワントゥーテン,AIエンジニア(データアーキテクト),AIエンジニア,"['東京都', '京都府']","['Python', 'R', 'AWS', 'Docker', 'TensorFlow', 'Azure', 'GCP', 'Flask']",110,2009-06-30 15:00:00,500,700.0,600.0
247201,エン・ジャパン 株式会社,データエンジニア,データエンジニア,"['東京都', 'フルリモート']","['SQL', 'Python', 'AWS', 'Lambda', 'GCP']",2135,1999-12-31 15:00:00,600,1500.0,1050.0
273943,株式会社 MonotaRO,データサイエンティスト（マネージャー候補）,データサイエンティスト,"['東京都', '大阪府']",[],3351,2000-09-30 15:00:00,800,1500.0,1150.0
260396,株式会社 エーピーコミュニケーションズ,データ分析基盤エンジニア,データエンジニア,"['東京都', '神奈川県', '千葉県', '埼玉県']","['AWS', 'Azure']",432,1995-10-31 15:00:00,500,700.0,600.0
124582,株式会社 アイビス,【東京】AIエンジニア,AIエンジニア,['東京都'],"['C#', 'C', 'C++', 'Python']",334,2000-04-30 15:00:00,500,900.0,700.0
278809,株式会社 メロン,データサイエンティスト,データサイエンティスト,"['東京都', '神奈川県', '千葉県', '埼玉県', 'フルリモート']","['SQL', 'Python', 'AWS', 'TensorFlow', 'Azure', 'pandas', 'GCP', 'Matplotlib', 'scikit-learn']",6,2022-05-31 15:00:00,500,1500.0,1000.0
260396,株式会社 エーピーコミュニケーションズ,データ分析基盤エンジニア,データエンジニア,"['東京都', '神奈川県', '千葉県', '埼玉県']","['AWS', 'Azure']",432,1995-10-31 15:00:00,500,700.0,600.0
290379,株式会社 アイスタイル,【istyle】データエンジニア,データエンジニア,['東京都'],"['Python', 'AWS', 'Lambda']",1079,1999-06-30 15:00:00,500,700.0,600.0
223105,株式会社 テクノプロ　テクノプロ・デザイン社,機械学習エンジニア/データやAI利活用提案、PoC、実装まで,AIエンジニア,"['東京都', 'フルリモート']","['C', 'C++', 'JavaScript', 'SQL', 'Python', 'R', 'Node.js', 'React', 'TypeScript', 'Haskell', 'Rust']",8522,1997-05-31 15:00:00,600,900.0,750.0
48772,フュージョン 株式会社,マーケティングアナリスト・データサイエンティスト,データサイエンティスト,['北海道'],"['SQL', 'Python', 'R']",84,,420,550.0,485.0
275435,株式会社 ワンキャリア,シニアデータサイエンティスト,データサイエンティスト,['東京都'],"['SQL', 'Python', 'R', 'AWS', 'TensorFlow', 'GCP']",245,2015-07-31 15:00:00,800,1300.0,1050.0
284541,株式会社 GENEROSITY,AI推進エンジニア,その他,['東京都'],[],56,2015-04-30 15:00:00,400,800.0,600.0
287661,株式会社 アラヤ,AI開発エンジニア,AIエンジニア,"['東京都', 'フルリモート']",['Python'],64,2013-11-30 15:00:00,500,800.0,650.0
285407,株式会社 ZENKIGEN,機械学習エンジニア,AIエンジニア,"['東京都', '神奈川県']","['DeepLearning', 'TensorFlow']",72,2017-09-30 15:00:00,600,1200.0,900.0
285532,株式会社 Lupinus,AIエンジニア／AIデータサイエンティスト（社会実装志向）,AIエンジニア,['東京都'],"['Python', 'TensorFlow']",64,2021-07-31 15:00:00,600,2400.0,1500.0
290587,株式会社 ノア,AI駆動開発エンジニア,その他,"['東京都', '神奈川県']",[],8,2017-01-31 15:00:00,450,750.0,600.0
258852,株式会社 Eye Universe,プロンプトエンジニア,その他,['東京都'],[],12,2023-04-30 15:00:00,450,700.0,575.0
227055,PayPayカード 株式会社,【リモートワーク可】データサイエンティスト （与信領域）＠東京or福岡,データサイエンティスト,"['東京都', '福岡県']","['SQL', 'Python']",1249,2014-06-30 15:00:00,500,900.0,700.0
265718,株式会社 Gunosy,機械学習エンジニア　,AIエンジニア,['東京都'],[],260,2012-10-31 15:00:00,650,900.0,775.0
95134,株式会社 スカイウイル,AIエンジニア,AIエンジニア,"['東京都', '神奈川県']","['SQL', 'Python', 'TensorFlow', 'OpenCV', 'Keras', 'Chainer', 'scikit-learn']",409,2002-10-31 15:00:00,350,900.0,625.0
258603,株式会社 サイシード,データ・エンジニア,その他,['東京都'],"['JavaScript', 'Python', 'R', 'TypeScript', 'Docker', 'Vue.js', 'Keras', 'GCP']",40,,600,1200.0,900.0
148397,株式会社 Curious Vehicle,クラウドエンジニア,その他,['東京都'],"['JavaScript', 'SQL', 'Python', 'Django', 'React', 'TypeScript', 'AWS', 'MySQL', 'TensorFlow', 'OpenCV', 'Keras', 'GCP', 'Flask', 'VR']",11,2008-03-31 15:00:00,400,650.0,525.0
186033,株式会社 フライウィール,シニアデータサイエンティスト,データサイエンティスト,"['東京都', 'フルリモート']","['SQL', 'Python', 'R', 'AWS', 'GCP']",93,2018-01-31 15:00:00,800,900.0,850.0
190971,株式会社 Rebase,データサイエンティスト,データサイエンティスト,['東京都'],"['SQL', 'Python', 'AWS', 'PostgreSQL', 'Azure', 'GCP']",46,2014-03-31 15:00:00,700,900.0,800.0
190971,株式会社 Rebase,データサイエンティスト,データサイエンティスト,['東京都'],"['SQL', 'Python', 'AWS', 'PostgreSQL', 'Azure', 'GCP']",46,2014-03-31 15:00:00,700,900.0,800.0
148397,株式会社 Curious Vehicle,クラウドエンジニア,その他,['東京都'],"['JavaScript', 'SQL', 'Python', 'Django', 'React', 'TypeScript', 'AWS', 'MySQL', 'TensorFlow', 'OpenCV', 'Keras', 'GCP', 'Flask', 'VR']",11,2008-03-31 15:00:00,400,650.0,525.0
290286,株式会社 SalesNow,LLMエンジニア,AIエンジニア,['フルリモート'],"['JavaScript', 'Python', 'AWS', 'Azure']",55,2019-07-31 15:00:00,600,900.0,750.0
285762,AMBL 株式会社,【自然言語処理アーキテクト】生成AI×業務課題解決！/リモート・フレックス可/将来のマネージャー・部長候補,その他,['東京都'],"['Python', 'Elasticsearch']",700,2001-02-28 15:00:00,650,1200.0,925.0
286893,株式会社 ジーニー,【JAPAN AI】Tech Lead / データエンジニア,データエンジニア,['東京都'],"['SQL', 'Python', 'React', 'Hadoop', 'TypeScript', 'AWS', 'Docker', 'Azure', 'Kubernetes', 'GCP', 'Spark']",877,2010-03-31 15:00:00,800,1400.0,1100.0
264244,株式会社 マネーフォワード,アナリティクスエンジニア_MFBCオープン求人,その他,['東京都'],['SQL'],2058,2012-04-30 15:00:00,600,1000.0,800.0
276270,株式会社 ブロードリーフ,【札幌勤務】モビリティ業界を支える！ 事業全体に影響を与えるデータエンジニア,データエンジニア,['北海道'],"['C', 'JavaScript', 'SQL', 'Java', 'Python', 'Scala', 'Hadoop', 'TypeScript', 'iOS', 'Android', 'AWS', 'Docker', 'HTML5', 'Nginx', 'Kubernetes', 'CSS3', 'Jenkins', 'Elasticsearch', 'Spring', 'Angular', 'GCP', 'Redis', 'Spark', 'HBase']",951,2009-08-31 15:00:00,600,1200.0,900.0
279827,株式会社 ビザスク,機械学習エンジニア（日本もしくはアメリカ在住）,AIエンジニア,"['東京都', '海外']","['C#', 'ASP', 'ASP.NET', 'SQL', 'Python', 'Azure', 'Processing']",520,2012-02-29 15:00:00,700,1500.0,1100.0
273598,REALITY 株式会社,エンジニア／Data Engineer,その他,['東京都'],"['SQL', 'Apache', 'GCP']",110,2018-06-30 15:00:00,500,1000.0,750.0
286244,株式会社 システムアイ,AIエンジニア,AIエンジニア,"['東京都', '神奈川県']","['JavaScript', 'PHP', 'Ruby', 'Java', 'Python', 'Go', 'Node.js', 'React', 'TypeScript', 'AWS', 'Docker', 'MySQL', 'Nginx', 'PostgreSQL', 'Azure', 'Haskell', 'Kubernetes', 'MongoDB', 'GCP']",327,1996-07-31 15:00:00,400,900.0,650.0
268487,エメラダ 株式会社,機械学習エンジニア,AIエンジニア,"['東京都', 'フルリモート']","['Python', 'AWS', 'Azure', 'GCP']",40,2016-05-31 15:00:00,600,1000.0,800.0
249386,株式会社 BLAM,機械学習エンジニア,AIエンジニア,['東京都'],"['Python', 'GCP', 'scikit-learn']",55,2015-03-31 15:00:00,420,600.0,510.0
285414,ケイズドットコム 株式会社,DBAエンジニア,その他,"['東京都', '神奈川県', '千葉県', '埼玉県']","['SQL', 'MySQL', 'PostgreSQL', 'PowerShell', 'Oracle', 'Zabbix']",40,2001-07-31 15:00:00,420,500.0,460.0
279639,Atlas Technologies 株式会社,【Fintech】データサイエンティスト（マネージャー）,データサイエンティスト,['東京都'],"['SQL', 'Python', 'R', 'AWS']",70,2017-12-31 15:00:00,1020,900.0,960.0
246313,ウォンテッドリー 株式会社,シニアデータサイエンティスト,データサイエンティスト,['東京都'],"['Ruby', 'Python', 'Go', 'Kubernetes', 'Elasticsearch']",140,2010-08-31 15:00:00,700,1270.0,985.0
290559,株式会社 ファームノート,AIエンジニア,AIエンジニア,"['東京都', '北海道']","['Python', 'TypeScript', 'AWS', 'TensorFlow', 'GCP']",100,2013-10-31 15:00:00,700,1200.0,950.0
232868,ストックマーク 株式会社,【Dev】アナリティクスエンジニア（SaaS事業）,その他,"['東京都', 'フルリモート']","['SQL', 'Azure']",150,2016-10-31 15:00:00,600,900.0,750.0
250901,株式会社 Antway,システムアーキテクト部 オープンポジション,その他,['東京都'],"['JavaScript', 'React', 'Vue.js', 'Angular']",274,2018-10-31 15:00:00,500,1000.0,750.0
284606,AI model 株式会社,AIエンジニア（CTO候補）,AIエンジニア,['東京都'],[],40,2020-07-31 15:00:00,800,900.0,850.0
223810,株式会社 パソナ,【全国】AIシステム開発,その他,"['東京都', '神奈川県', '千葉県', '埼玉県', '愛知県', '島根県', '福岡県']","['C#', 'JavaScript', 'PHP', 'Python', 'TypeScript', 'AWS', 'IoT', 'Azure']",7860,1998-01-31 15:00:00,450,800.0,625.0
223810,株式会社 パソナ,【全国】AIシステム開発,その他,"['東京都', '神奈川県', '千葉県', '埼玉県', '愛知県', '島根県', '福岡県']","['C#', 'JavaScript', 'PHP', 'Python', 'TypeScript', 'AWS', 'IoT', 'Azure']",7860,1998-01-31 15:00:00,450,800.0,625.0
101241,エフアンドエムネット 株式会社,AIエンジニア,AIエンジニア,['大阪府'],"['JavaScript', 'PHP', 'Python', 'AWS', 'MySQL', 'TensorFlow', 'Azure', 'Keras', 'GCP', 'SQLServer']",137,2000-08-31 15:00:00,650,1000.0,825.0
270657,LINEヤフーコミュニケーションズ 株式会社,データエンジニア / 運営DX,データエンジニア,['福岡県'],"['SQL', 'Python']",1650,2013-10-31 15:00:00,550,800.0,675.0
285717,ワークスアイディ 株式会社,データサイエンティスト（東京・大阪・福岡）,データサイエンティスト,"['東京都', '大阪府', '福岡県']","['SQL', 'Python', 'R', 'AWS', 'Azure', 'GCP']",1538,1999-06-30 15:00:00,392,700.0,546.0
292280,株式会社 ベガコーポレーション,【福岡勤務】生成AIエンジニア,AIエンジニア,['福岡県'],"['Python', 'AWS']",244,2004-06-30 15:00:00,500,750.0,625.0
284151,株式会社 パソナグループ,データソリューションアーキテクト　※東京勤務,その他,['東京都'],"['SQL', 'AWS']",25046,1976-01-31 15:00:00,460,950.0,705.0
266272,株式会社 Hinode Labo,DX/AIシステムエンジニア,その他,"['東京都', 'フルリモート']",[],30,2017-06-30 15:00:00,800,1500.0,1150.0
204681,株式会社 LIFULL,シニアデータサイエンティスト/R&D,データサイエンティスト,['東京都'],"['SQL', 'Python', 'R']",1696,1997-02-28 15:00:00,810,1200.0,1005.0
288468,ファーストアカウンティング 株式会社,機械学習エンジニア（シニアAIエンジニア）,AIエンジニア,['東京都'],['Python'],109,2016-05-31 15:00:00,700,1200.0,950.0
240189,アイ・モバイル 株式会社,AIエンジニア,AIエンジニア,"['東京都', 'フルリモート']","['SQL', 'Python', 'AWS', 'TensorFlow']",106,2007-07-31 15:00:00,600,900.0,750.0
284597,ブルーテック 株式会社,バックエンドエンジニア（AI機能研究開発エンジニア）,その他,['東京都'],['GCP'],130,2006-09-30 15:00:00,450,800.0,625.0
273251,株式会社 レイエントシステム,BIエンジニア,その他,"['東京都', '神奈川県']",[],40,2008-05-31 15:00:00,440,750.0,595.0
169960,株式会社 ヤプリ,機械学習エンジニア（MLエンジニア）,AIエンジニア,"['東京都', 'フルリモート']","['Python', 'R', 'AWS', 'GCP']",270,2013-03-31 15:00:00,500,1000.0,750.0
210351,Institution for a Global Society 株式会社,データサイエンティスト,データサイエンティスト,"['東京都', '神奈川県', '千葉県', '埼玉県']","['SQL', 'Python', 'R']",52,2010-04-30 15:00:00,600,800.0,700.0
279733,株式会社 メドコム,生成AI活用アプリケーションエンジニア（生成AI・LLM活用）,その他,['東京都'],[],84,2016-06-30 15:00:00,600,900.0,750.0
286981,株式会社 ログラス,AIオペレーションマネージャー,その他,['東京都'],[],200,2019-04-30 15:00:00,600,1200.0,900.0
285140,株式会社 ミックウェア,機械学習エンジニア（MAC）,AIエンジニア,"['東京都', '神奈川県', '兵庫県']","['Python', 'AWS', 'Lambda', 'pandas', 'scikit-learn']",489,2003-02-28 15:00:00,600,900.0,750.0
277669,株式会社 Red Frasco,データエンジニア,データエンジニア,['東京都'],"['SQL', 'Python', 'Go', 'Kubernetes', 'Google Kubernetes Engine']",30,2019-11-30 15:00:00,600,1200.0,900.0
261100,株式会社 パートナー,COBOL経験者募集【九州】,その他,['福岡県'],['COBOL'],416,2003-11-30 15:00:00,380,900.0,640.0
286264,株式会社 ワンゴジュウゴ,◆HI:C++エンジニア◆,その他,['東京都'],"['C', 'C++']",211,1994-12-31 15:00:00,300,750.0,525.0
261100,株式会社 パートナー,COBOL経験者募集【九州】,その他,['福岡県'],['COBOL'],416,2003-11-30 15:00:00,380,900.0,640.0
177401,株式会社 エクストリーム,IT/データ分析エンジニア,その他,['東京都'],"['C#', 'SQL', 'Ruby', 'Java', 'Python']",671,2005-04-30 15:00:00,400,900.0,650.0
278521,株式会社 リーデックス,【プロンプトエンジニア】,その他,"['東京都', '神奈川県', '千葉県', '埼玉県']","['PHP', 'Java', 'Python']",55,2004-03-31 15:00:00,400,900.0,650.0
285588,パーソルクロステクノロジー 株式会社,【スマートファクトリー(製造DX)／東海】AI・IoT技術を活用し製造DX実現に貢献,その他,"['愛知県', '三重県']",[],9706,1979-09-30 15:00:00,450,800.0,625.0
227755,ClipLine 株式会社,データエンジニア,データエンジニア,['東京都'],"['SQL', 'Python', 'R', 'AWS', 'GCP']",66,2013-06-30 15:00:00,500,1000.0,750.0
279930,株式会社 メンバーズ エンジニア事業,【AIF】生成AIエンジニア,AIエンジニア,['東京都'],[],2833,1995-05-31 15:00:00,500,1000.0,750.0
240939,UPWARD 株式会社,TECH｜リサーチエンジニア,その他,"['東京都', '大阪府']","['JavaScript', 'Java', 'TypeScript', 'AWS', 'Azure', 'Salesforce']",100,2002-02-28 15:00:00,500,1200.0,850.0
173306,OpenStreet 株式会社,データサイエンティスト,データサイエンティスト,['東京都'],"['Python', 'AWS', 'MySQL', 'GCP']",89,2016-10-31 15:00:00,540,745.0,642.5
269509,株式会社 アイディオット,データエンジニア,データエンジニア,['東京都'],"['PHP', 'Python', 'React', 'TypeScript', 'Android', 'AWS', 'MySQL', 'Laravel', 'Vue.js', 'Firebase', 'GCP', 'Flutter']",30,2014-10-31 15:00:00,400,900.0,650.0
259263,TOPPAN 株式会社,【シニアエンジニア】データエンジニア,データエンジニア,['東京都'],"['C#', 'SQL', 'PHP', 'Python', 'R', 'AWS', 'PostgreSQL', 'IoT', 'Azure', 'Google Cloud Platform', 'Oracle', 'GCP', 'SQLServer']",7972,2023-02-28 15:00:00,670,870.0,770.0
284062,株式会社 ユーティル,AIオペレーションマネージャー (CEO直下),その他,['東京都'],[],30,2015-03-31 15:00:00,700,1200.0,950.0
162761,株式会社 YOUTRUST,データエンジニア,データエンジニア,['東京都'],"['SQL', 'Python', 'AWS', 'MySQL', 'Google Cloud Platform', 'GCP']",104,2017-11-30 15:00:00,600,1000.0,800.0
262853,イオンスマートテクノロジー 株式会社,データ分析基盤システムリードエンジニア,その他,"['東京都', '千葉県']","['ASP', 'Azure']",454,2020-09-30 15:00:00,680,980.0,830.0
204400,株式会社 ベーシック,データエンジニア,データエンジニア,"['東京都', '大阪府', '新潟県']","['Python', 'React', 'Azure', 'Keras', 'pandas', 'GCP', 'Flask']",184,1982-08-31 15:00:00,400,900.0,650.0
283739,ちゅらデータ 株式会社,データサイエンティスト（シニア）,データサイエンティスト,"['沖縄県', 'フルリモート']",[],105,2017-07-31 15:00:00,900,900.0,900.0
271648,株式会社 大塚商会,データサイエンティスト,データサイエンティスト,['東京都'],"['SQL', 'Python']",7713,1961-06-30 15:00:00,550,1000.0,775.0
258314,株式会社 ブレインパッド,機械学習エンジニア,AIエンジニア,['東京都'],[],529,2004-02-29 15:00:00,600,800.0,700.0
275538,株式会社 TERASS,生成AIエンジニア,AIエンジニア,"['東京都', '神奈川県', '千葉県', '埼玉県']",['TypeScript'],80,2019-03-31 15:00:00,800,1000.0,900.0
136595,株式会社 ししまろ,データサイエンティスト,データサイエンティスト,['東京都'],"['SQL', 'Python', 'Scala', 'Go', 'R', 'Firebase']",10,2017-07-31 15:00:00,500,1000.0,750.0
178971,株式会社 分析屋,＜SQL・PG経験者採用＞【データ分析基盤エンジニア】実務担当,データエンジニア,"['東京都', '神奈川県']","['C', 'SQL', 'Java', 'Python', 'R', 'AWS', 'Azure', 'Oracle', 'GCP']",125,2011-07-31 15:00:00,300,600.0,450.0
248823,株式会社 RABO,データサイエンティスト,データサイエンティスト,['東京都'],"['SQL', 'Python', 'R', 'AWS', 'Docker', 'IoT', 'scikit-learn', 'SRE']",30,2018-01-31 15:00:00,800,1500.0,1150.0
189746,株式会社 ＦＦＲＩセキュリティ,ソフトウェアエンジニア（マルウェア検出エンジン研究開発）,その他,['東京都'],"['C', 'C++', 'Python']",134,2007-06-30 15:00:00,480,720.0,600.0
178605,RIZAPグループ 株式会社,RZG㈱_データマネジメント部_データアーキテクト,その他,"['東京都', 'フルリモート']","['SQL', 'Python', 'R', 'AWS', 'Azure', 'GCP', 'Spark']",5034,2003-03-31 15:00:00,600,1000.0,800.0
284768,株式会社 ユニコ,正社員募集 [提案型開発],その他,['大阪府'],"['C#', 'C', 'C++', 'JavaScript', 'PHP', 'Python', 'MySQL', 'PostgreSQL']",6,2010-10-31 15:00:00,360,550.0,455.0
276502,インフォテック 株式会社,新規AIビジネス開拓を担当するソフトウェア技術者,その他,['東京都'],"['C', 'C++', 'SQL', 'PHP', 'iOS', 'Android', 'MySQL', 'PostgreSQL', 'Oracle']",7,1997-05-31 15:00:00,460,740.0,600.0
281250,株式会社 Classlab.,AIエンジニア,AIエンジニア,['大阪府'],"['SQL', 'Python3', 'Salesforce']",100,2019-03-31 15:00:00,900,1500.0,1200.0
278314,株式会社 インフォディオ,AIエンジニア,AIエンジニア,['東京都'],"['Python', 'TensorFlow', 'OpenCV', 'Keras', 'Chainer']",100,2002-06-30 15:00:00,480,800.0,640.0
111124,フェンリル 株式会社,20期_クラウド / AI エンジニア【フルリモート可】,その他,"['東京都', '大阪府', '京都府', '愛知県', '北海道', '島根県', 'フルリモート']","['Python', 'AWS', 'Azure']",712,2005-05-31 15:00:00,500,1200.0,850.0
233782,GO 株式会社,データマネージャー（プロダクトマネジメント部）,その他,"['東京都', 'フルリモート']","['SQL', 'Python', 'Go', 'R']",600,1977-07-31 15:00:00,600,1200.0,900.0
227204,株式会社 タイミー,データサイエンティスト,データサイエンティスト,['フルリモート'],"['SQL', 'Python', 'AWS']",1585,2017-07-31 15:00:00,700,1000.0,850.0
90419,株式会社 コンピュータマインド,数値計算エンジニア(甲府勤務),その他,['山梨県'],[],190,1991-07-31 15:00:00,400,600.0,500.0
282922,ICI 株式会社,医療データマネジメント【リーダー】,その他,['東京都'],"['SQL', 'Python']",45,2019-04-30 15:00:00,500,800.0,650.0
274149,アクセルユニバース 株式会社,データでビジネス価値を創造する | データサイエンティスト | フルフレックス・フルリモート可 | 残業は月平均10時間未満,データサイエンティスト,['フルリモート'],"['JavaScript', 'SQL', 'Python', 'R', 'AWS', 'Docker', 'Azure', 'Kubernetes']",50,2012-01-31 15:00:00,600,1200.0,900.0
282662,株式会社 マツリカ,AIエンジニア(データサイエンティスト),AIエンジニア,['東京都'],['R'],116,2015-03-31 15:00:00,700,1300.0,1000.0
278330,株式会社 キーバインド,SQL開発エンジニア　開発者募集（スキル獲得に意欲的な方歓迎）,その他,['東京都'],['SQL'],81,2002-10-31 15:00:00,400,600.0,500.0
282147,株式会社 アニマライフ,AIエンジニア,AIエンジニア,['フルリモート'],"['AWS', 'Docker', 'MySQL', 'TensorFlow', 'Azure', 'Keras']",40,2014-04-30 15:00:00,800,1200.0,1000.0
243037,株式会社 CFPコンサルティング,TE03.開発エンジニア／リモート相談可,その他,['東京都'],"['SQL', 'Python', 'Node.js', 'TypeScript', 'AWS', 'Docker', 'Kubernetes', 'GCP']",30,2010-04-30 15:00:00,600,800.0,700.0
215992,株式会社 出前館,データベースエンジニア,データエンジニア,"['東京都', '大阪府']","['SQL', 'Python', 'AWS', 'MySQL', 'Oracle', 'GCP']",367,1999-08-31 15:00:00,600,1200.0,900.0
273667,トランスコスモス 株式会社,【DM】データエンジニア,データエンジニア,['東京都'],"['SQL', 'Python', 'AWS', 'Azure', 'GCP']",70218,1985-05-31 15:00:00,600,800.0,700.0
171912,株式会社 エモーションテック,データサイエンティスト,データサイエンティスト,['東京都'],"['Python', 'AWS', 'GCP']",80,2013-02-28 15:00:00,800,1500.0,1150.0
273667,トランスコスモス 株式会社,【DM】データエンジニア,データエンジニア,['東京都'],"['SQL', 'Python', 'AWS', 'Azure', 'GCP']",70218,1985-05-31 15:00:00,600,800.0,700.0
159470,面白法人カヤック,データエンジニア,データエンジニア,['神奈川県'],"['SQL', 'Perl', 'PHP', 'Ruby', 'Python', 'Go', 'Node.js', 'AWS', 'Docker', 'GCP']",260,2004-12-31 15:00:00,400,1000.0,700.0
171912,株式会社 エモーションテック,データサイエンティスト,データサイエンティスト,['東京都'],"['Python', 'AWS', 'GCP']",80,2013-02-28 15:00:00,800,1500.0,1150.0
271207,株式会社 プリンシプル,BIエンジニア・東京,その他,"['東京都', 'フルリモート']",['SQL'],100,2011-09-30 15:00:00,450,700.0,575.0
82873,ＳＯＭＰＯシステムズ 株式会社,2004 データベースエンジニア（ＰＭ・マネジメントポジション）,データエンジニア,['東京都'],"['SQL', 'Java', 'Jenkins']",1553,,616,850.0,733.0
287729,株式会社 ファン・タップ,機械学習エンジニア【自社サービス開発】,AIエンジニア,['京都府'],"['Python', 'Unity', 'OpenCV']",10,2008-01-31 15:00:00,560,920.0,740.0
276293,株式会社 ゴーレム,シニア機械学習エンジニア,AIエンジニア,['フルリモート'],"['Python', 'AWS', 'pandas']",10,2021-12-31 15:00:00,600,1000.0,800.0
282715,株式会社 デジタルアイデンティティ,データエンジニア／データサイエンティスト・アナリスト／ストラテジスト,データサイエンティスト,['東京都'],"['SQL', 'Python']",380,2009-05-31 15:00:00,400,800.0,600.0
268768,株式会社 ケイズ,研究職（IT要素技術研究）,その他,['鳥取県'],[],257,1975-06-30 15:00:00,300,660.0,480.0
258358,株式会社 JPデジタル,生成AIエンジニア,AIエンジニア,['東京都'],"['PHP', 'Java', 'Python', 'Go', 'Django', 'React', 'TypeScript', 'AWS', 'Docker', 'MySQL', 'Vue.js', 'PostgreSQL', 'Azure', 'Kubernetes']",148,2021-06-30 15:00:00,500,800.0,650.0
273589,株式会社 プロトシステム,データエンジニア・アナリスト,データエンジニア,['東京都'],"['SQL', 'Python', 'AWS', 'MySQL', 'Oracle']",349,1996-07-31 15:00:00,340,602.0,471.0
288628,弁護士ドットコム 株式会社,機械学習エンジニア,AIエンジニア,['東京都'],"['Python', 'Hadoop', 'AWS', 'Azure', 'Lambda', 'GCP', 'Redis', 'Spark', 'scikit-learn']",519,2005-06-30 15:00:00,801,1500.0,1150.5
202502,サイオステクノロジー 株式会社,データ解析基盤領域　DataStax/cassandra データパイプライン領域　Confluent/kafka,その他,"['東京都', 'フルリモート']","['Java', 'Oracle']",440,2017-01-31 15:00:00,850,1200.0,1025.0
282767,コインチェック 株式会社,【正社員】データエンジニア（アプリケーション基盤部）,データエンジニア,['東京都'],"['SQL', 'Python']",185,2012-07-31 15:00:00,900,1200.0,1050.0
270141,株式会社 アクロビジョン,生成AIエンジニア,AIエンジニア,"['東京都', '神奈川県', '千葉県', '埼玉県']","['C#', 'PHP', 'Java', 'Python', 'Go', 'Rust']",300,2007-02-28 15:00:00,600,900.0,750.0
287784,株式会社 LASSIC,【リモート可】自社AIシステムの企画・開発エンジニア,その他,"['東京都', '神奈川県', '千葉県', '埼玉県', '大阪府', '兵庫県', '京都府', '愛知県', '北海道', '青森県', '岩手県', '宮城県', '秋田県', '山形県', '福島県', '茨城県', '栃木県', '群馬県', '新潟県', '富山県', '石川県', '福井県', '山梨県', '長野県', '岐阜県', '静岡県', '三重県', '滋賀県', '奈良県', '和歌山県', '鳥取県', '島根県', '岡山県', '広島県', '山口県', '徳島県', '香川県', '愛媛県', '高知県', '福岡県', '佐賀県', '長崎県', '熊本県', '大分県', '宮崎県', '鹿児島県', '沖縄県', 'フルリモート']","['Ruby', 'Python', 'Ruby on Rails', 'AWS', 'Azure', 'GCP']",303,2006-11-30 15:00:00,462,750.0,606.0
198978,インキュデータ 株式会社,データエンジニア,データエンジニア,"['東京都', '神奈川県', '千葉県', '埼玉県', '茨城県', '栃木県', '群馬県', 'フルリモート']","['JavaScript', 'SQL', 'Ruby', 'Java', 'Python', 'R', 'AWS']",133,2019-09-30 15:00:00,600,1000.0,800.0
286135,Umee Techonologies 株式会社,フルスタックエンジニア,その他,['東京都'],"['JavaScript', 'Python', 'jQuery', 'Node.js', 'React', 'TypeScript', 'AWS', 'Docker', 'PostgreSQL', 'Redis']",27,2019-04-30 15:00:00,600,1200.0,900.0
286613,株式会社 foxcale,AIエンジニア,AIエンジニア,['東京都'],['Python'],18,2019-11-30 15:00:00,700,1200.0,950.0
47450,株式会社 モルフォ,リサーチャー,その他,['東京都'],"['C', 'C++', 'Python']",92,2004-04-30 15:00:00,400,800.0,600.0
287333,株式会社 ドリコム,フルスタックエンジニア（AIプロダクトの開発責任者）,その他,['東京都'],"['Python', 'Go', 'React', 'AWS', 'MySQL', 'Vue.js', 'PostgreSQL', 'Azure', 'Kubernetes', 'GCP']",356,2001-10-31 15:00:00,700,1200.0,950.0
248683,株式会社 PKSHA Technology,アルゴリズムエンジニア (機械学習エンジニア/データサイエンティスト)【AI Solution】,AIエンジニア,['東京都'],['R'],404,2012-09-30 15:00:00,600,1400.0,1000.0
259309,株式会社 BREXA Technology,【SIer部門】受託開発■自動運転システム開発現場でのPythonを用いた実験データ分析業務◆福利厚生◆研修充実◆年休123日◆平均残業15h,その他,['東京都'],"['PHP', 'Python']",20061,2004-11-30 15:00:00,400,800.0,600.0
183810,株式会社 ゼンショーホールディングス,DX推進担当【コロナ禍でも業績好調/国内外トップクラスの売上高を誇る外食企業】,その他,['東京都'],[],15929,1982-05-31 15:00:00,500,800.0,650.0
248020,KINTOテクノロジーズ 株式会社,[20]【東京/名古屋/大阪/福岡】生成AIエンジニア／AIファーストG,AIエンジニア,"['東京都', '大阪府', '愛知県', '福岡県']",['Python'],200,2021-03-31 15:00:00,700,1620.0,1160.0
246032,株式会社 MICIN,ML TechLead,その他,['東京都'],['C'],120,2015-10-31 15:00:00,700,1200.0,950.0
131977,株式会社 pluszero,東大発ベンチャーで働くAIエンジニア,AIエンジニア,['東京都'],"['C', 'C++', 'JavaScript', 'Java', 'Python', 'TypeScript', 'AWS', 'PostgreSQL', 'Rust', 'pandas', 'scikit-learn']",85,2018-06-30 15:00:00,640,1200.0,920.0
280886,株式会社 Splink,AIエンジニアリングマネージャー,AIエンジニア,['東京都'],"['Go', 'R', 'pandas', 'Matplotlib']",52,2016-12-31 15:00:00,900,1500.0,1200.0
141379,ブレインズテクノロジー 株式会社,R&Dエンジニア,その他,['東京都'],"['R', 'TensorFlow']",75,2008-07-31 15:00:00,700,1000.0,850.0
274688,株式会社 メドレー,【医療プラットフォーム】データエンジニア,データエンジニア,['東京都'],"['SQL', 'Python', 'AWS', 'MySQL', 'PostgreSQL', 'Azure', 'MongoDB', 'GCP', 'SRE']",895,2009-05-31 15:00:00,1000,1500.0,1250.0
275680,株式会社 primeNumber,LLMエンジニア,AIエンジニア,['東京都'],"['Python', 'R', 'TypeScript', 'AWS', 'Azure', 'GCP']",110,2015-10-31 15:00:00,700,1200.0,950.0
282510,a-works 株式会社,データテクノロジスト【戦略的なデジタルマーケティング支援の根幹を支えるスペシャリスト】,その他,['大阪府'],"['SQL', 'Python']",38,2008-09-30 15:00:00,400,700.0,550.0
231029,楽天グループ 株式会社　エンジニア採用,【FinTech事業部】データサイエンティスト（1018242）,データサイエンティスト,"['東京都', '神奈川県']",['AWS'],10350,1997-01-31 15:00:00,550,1000.0,775.0
282752,株式会社 くすりの窓口,AI・機械学習エンジニア（システム開発部）,AIエンジニア,['東京都'],"['Python', 'AWS', 'Lambda', 'Flask']",370,2004-08-31 15:00:00,504,900.0,702.0
270271,合同会社 EXNOA,AIイラストレーター/AI推進部,その他,"['東京都', '北海道', '石川県']",[],818,2017-11-30 15:00:00,500,900.0,700.0
245701,株式会社 コミチ,データエンジニア,データエンジニア,['東京都'],"['JavaScript', 'SQL', 'Java', 'React', 'TypeScript', 'AWS', 'Docker', 'MySQL']",50,2018-02-28 15:00:00,480,840.0,660.0
291815,ココネ 株式会社,BI開発・データエンジニア,データエンジニア,['東京都'],"['SQL', 'Python', 'AWS', 'MySQL', 'MongoDB', 'GCP']",458,2008-08-31 15:00:00,600,1000.0,800.0
231580,Japan Digital Design 株式会社,シニアデータサイエンティスト,データサイエンティスト,['東京都'],"['Python', 'Apache', 'Spark']",80,2017-09-30 15:00:00,1200,1500.0,1350.0
147161,TC3 株式会社,AIアーキテクト,その他,"['東京都', 'フルリモート']","['Python', 'AWS', 'Blockchain', 'GCP', 'VR']",18,2016-08-31 15:00:00,700,1200.0,950.0
270651,株式会社 G-gen,データエンジニア（Google Cloud）,データエンジニア,['フルリモート'],[],111,2006-06-30 15:00:00,700,1200.0,950.0
290606,株式会社 SCOグループ,AI PoC開発エンジニア,その他,['東京都'],[],100,2013-02-28 15:00:00,500,1000.0,750.0
270651,株式会社 G-gen,データエンジニア（Google Cloud）,データエンジニア,['フルリモート'],[],111,2006-06-30 15:00:00,700,1200.0,950.0
249458,株式会社 データ・エージェンシー,データエンジニア(上流・PM・アーキテクト層)/フルリモート（居住地不問）,データエンジニア,"['東京都', 'フルリモート', '海外']","['JavaScript', 'SQL', 'Java', 'Python', 'AWS', 'Azure', 'GCP']",13,2021-01-31 15:00:00,500,800.0,650.0
224147,株式会社 ブックルックチーム,データベースエンジニア (DBA),データエンジニア,['東京都'],"['SQL', 'PHP', 'AWS', 'MySQL', 'Oracle']",58,2011-04-30 15:00:00,500,1100.0,800.0
272059,株式会社 コトラ,AI エンジニア,その他,['東京都'],"['Python', 'AWS', 'Jupyter', 'pandas', 'scikit-learn']",88,2002-09-30 15:00:00,400,800.0,600.0
184256,株式会社 フツパー,データサイエンティスト（シニア）,データサイエンティスト,"['東京都', '大阪府', 'フルリモート']","['Python', 'Python3']",85,2020-03-31 15:00:00,500,1500.0,1000.0
287809,株式会社 トリプルアイズ,データサイエンティスト、システムエンジニア、データベースエンジニア,データサイエンティスト,"['東京都', '神奈川県', '千葉県', '埼玉県']","['SQL', 'IoT', 'Oracle']",243,2008-08-31 15:00:00,350,700.0,525.0
251688,株式会社 オートバックスデジタルイニシアチブ,データサイエンティスト｜東京,データサイエンティスト,['東京都'],['Apache'],115,2002-05-31 15:00:00,450,900.0,675.0
131273,Supership 株式会社,データマーケター,その他,['東京都'],['SQL'],373,2007-11-30 15:00:00,500,800.0,650.0
288058,株式会社 VITA,【データベースエンジニア】,データエンジニア,"['東京都', '神奈川県', '千葉県', '埼玉県']","['SQL', 'AWS', 'Azure', 'Oracle', 'Zabbix', 'Oracle Cloud']",52,2008-09-30 15:00:00,400,550.0,475.0
258638,株式会社 アンドパッド,機械学習エンジニア（自然言語処理）,AIエンジニア,['フルリモート'],"['Python', 'R', 'Python3']",780,2012-08-31 15:00:00,650,1200.0,925.0
281004,株式会社 ワールドスカイ,データエンジニア　PL/TL層,データエンジニア,['東京都'],"['VBA', 'SQL', 'PHP']",101,2004-05-31 15:00:00,400,600.0,500.0
291225,JCOM 株式会社,データサイエンティスト（金融）,データサイエンティスト,['東京都'],['SQL'],16699,1994-12-31 15:00:00,520,840.0,680.0
279361,株式会社 トリファ,モバイルエンジニア,その他,['東京都'],"['ASP', 'SQL', 'Node.js', 'TypeScript', 'iOS', 'Android', 'AWS', 'MySQL', 'Azure', 'Firebase', 'Google Cloud Platform', 'GCP', 'Flutter']",30,,400,900.0,650.0
284973,inaho 株式会社,AIエンジニア,AIエンジニア,['神奈川県'],"['C#', 'C', 'C++', 'ASP', 'ASP.NET', 'PHP', 'Python', 'TypeScript', 'TensorFlow']",18,2016-12-31 15:00:00,700,1000.0,850.0
269314,株式会社 フルエナジー,データベースエンジニア（プロフェッショナル）,データエンジニア,['東京都'],"['AWS', 'MySQL', 'PostgreSQL', 'Azure', 'Oracle']",18,2007-08-31 15:00:00,550,850.0,700.0
277408,U-NEXT HOLDINGS,TACT／電話自動応答サービスのソフトウェアエンジニア,その他,['東京都'],"['Ruby', 'Python', 'Go', 'AWS', 'MySQL', 'Azure']",4888,2009-01-31 15:00:00,600,800.0,700.0
244647,BASE 株式会社,【BASE・Tech】データエンジニア（中途採用）,データエンジニア,['東京都'],"['SQL', 'Python', 'AWS', 'Docker', 'MySQL', 'Apache', 'Azure', 'pandas', 'GCP']",290,2012-11-30 15:00:00,500,1000.0,750.0
137952,GMOあおぞらネット銀行 株式会社,データサイエンティスト,データサイエンティスト,['東京都'],[],256,1994-01-31 15:00:00,600,900.0,750.0
236294,株式会社 ガナック・システムズ,AIを活用したソリューション開発エンジニア（プログラマ・システムエンジニア）,その他,['東京都'],"['JavaScript', 'SQL', 'Java', 'Python', 'Django', 'AWS', 'Docker', 'MySQL', 'Python3', 'Nginx', 'TensorFlow', 'Azure', 'Kubernetes', 'Flask', 'IBM Cloud']",33,1999-10-31 15:00:00,400,700.0,550.0
292846,株式会社 グローバー,新しい当たり前を創造する会社のデータサイエンティスト（本社勤務）,データサイエンティスト,['東京都'],"['SQL', 'Python', 'TensorFlow', 'pandas', 'Matplotlib', 'scikit-learn']",130,2004-12-31 15:00:00,600,900.0,750.0
287299,Acrosstudio 株式会社,【AI/機械学習エンジニア（メンバー）】,AIエンジニア,['東京都'],['Azure'],37,2021-06-30 15:00:00,500,1000.0,750.0
113016,株式会社 ABEJA,データサイエンティスト,データサイエンティスト,['東京都'],"['SQL', 'Python', 'AWS', 'Docker', 'MySQL', 'TensorFlow', 'Oracle', 'Keras', 'pandas', 'GCP']",66,2012-08-31 15:00:00,800,1200.0,1000.0
64693,株式会社 タクミインフォメーションテクノロジー,開発エンジニア【AI、ビッグデータ・データ分析】,その他,['東京都'],['Python'],111,1997-02-28 15:00:00,400,700.0,550.0
288171,株式会社 Minato,AIエンジニア,AIエンジニア,"['東京都', '千葉県', '兵庫県']",['TensorFlow'],19,2014-09-30 15:00:00,400,600.0,500.0
99087,株式会社 ピープルドット,データサイエンティスト,データサイエンティスト,['東京都'],"['SQL', 'Python', 'R']",45,2017-01-31 15:00:00,600,1200.0,900.0
164601,サイボウズ 株式会社,データエンジニア/アナリスト,データエンジニア,['フルリモート'],"['SQL', 'Python', 'Apache']",1321,1997-07-31 15:00:00,550,800.0,675.0
253340,株式会社 MBKデジタル,ミドルデータエンジニア,データエンジニア,['東京都'],[],70,2025-03-31 15:00:00,600,900.0,750.0
196953,株式会社 バリーン・スタジオ,RAG・AGI・NLP開発,その他,['東京都'],[],28,2020-02-29 15:00:00,500,1000.0,750.0
280989,Cotofure 株式会社,AI開発エンジニア・システム開発エンジニア_2503,AIエンジニア,['東京都'],"['iOS', 'Android']",20,2015-05-31 15:00:00,450,700.0,575.0
281722,セカンドサイトアナリティカ 株式会社,データサイエンティスト／アナリスト,データサイエンティスト,['東京都'],"['SQL', 'Python']",62,2016-05-31 15:00:00,480,720.0,600.0
289122,株式会社 Elcamy,Dify・生成AIエンジニア｜コンサルタント,AIエンジニア,"['東京都', 'フルリモート']",[],10,2019-11-30 15:00:00,450,900.0,675.0
278191,株式会社 テックドクター,データエンジニア,データエンジニア,['東京都'],"['SQL', 'Python', 'AWS', 'Azure', 'GCP', 'Spark']",40,2019-05-31 15:00:00,500,1000.0,750.0
216318,株式会社 マップフォー,ソフトウェアエンジニア（Perception）,その他,['愛知県'],"['C', 'C++', 'Python', 'AWS', 'Docker', 'TensorFlow', 'OpenCV']",26,2016-08-31 15:00:00,600,1000.0,800.0
262893,株式会社 ヒューマンサイエンス,【綱島駅勤務】韓国語AI機械学習エンジニア（最先端の技術に関心のある方）,AIエンジニア,['神奈川県'],"['C', 'C++', 'Java', 'Python']",158,1985-02-28 15:00:00,614,864.0,739.0
260515,NHN テコラス 株式会社,データエンジニア,データエンジニア,['東京都'],"['Python', 'AWS', 'pandas']",273,2007-03-31 15:00:00,600,900.0,750.0
251286,株式会社 Cygames,AIエンジニア（画像生成・画像処理）／東京,AIエンジニア,['東京都'],[],3644,2011-04-30 15:00:00,400,1000.0,700.0
196947,株式会社 truestar,【東京】データエンジニア（ポテンシャル人材）,データエンジニア,['東京都'],['SQL'],52,2015-04-30 15:00:00,400,600.0,500.0
262111,株式会社 SIGNATE,AI開発コンサルタント/データサイエンティスト,データサイエンティスト,"['東京都', '神奈川県', '千葉県', '埼玉県']",['Python'],50,2017-04-30 15:00:00,600,900.0,750.0
260898,株式会社 KIYONO,【PM候補】データエンジニア,データエンジニア,['東京都'],"['SQL', 'Python', 'AWS', 'Azure', 'GCP']",50,2016-12-31 15:00:00,600,1000.0,800.0
287555,株式会社 エイトハンドレッド,アナリティクスエンジニア,その他,['東京都'],"['SQL', 'Python', 'R', 'AWS', 'Azure', 'GCP']",60,2022-06-30 15:00:00,500,800.0,650.0
188012,株式会社 リンクアンドモチベーション,データサイエンティスト,データサイエンティスト,['東京都'],"['Python', 'R', 'AWS', 'MySQL', 'GCP']",622,2000-02-29 15:00:00,600,900.0,750.0
289126,株式会社 テレビ朝日メディアプレックス,データサイエンティスト,データサイエンティスト,['東京都'],"['SQL', 'Python', 'AWS', 'Docker', 'MySQL', 'GCP']",200,2000-01-31 15:00:00,500,700.0,600.0
265878,株式会社 ZOZO,【AI・アナリティクス本部】データマネージャー,その他,['フルリモート'],['SQL'],1538,1998-04-30 15:00:00,500,900.0,700.0
220876,INCLUSIVE 株式会社,衛星データを活用した事業開発ポジション,その他,['東京都'],['Python'],325,2007-03-31 15:00:00,400,600.0,500.0
167082,株式会社 Geolocation Technology,【データサイエンティスト（AI活用）】IPアドレスをもとに様々な情報を判定する技術「IP Geolocation」を提供する国内オンリーワン企業です。,データサイエンティスト,['静岡県'],"['SQL', 'Perl', 'PHP', 'Python', 'AWS', 'MySQL', 'Nginx', 'PostgreSQL', 'Apache', 'Redis', 'Fluentd']",59,2000-01-31 15:00:00,400,550.0,475.0
290833,アポロ 株式会社,MLOps / AIアプリケーションエンジニア,その他,['東京都'],['Python'],47,2020-06-30 15:00:00,800,1200.0,1000.0
140253,株式会社 GUNCY'S,R＆Dエンジニア,その他,['東京都'],['R'],14,2015-07-31 15:00:00,300,900.0,600.0
292521,auコマース&ライフ 株式会社,データサイエンティスト,データサイエンティスト,['東京都'],"['SQL', 'Python', 'R']",360,,600,900.0,750.0
285945,株式会社 ZEN PLACE,モダンデータ基盤エンジニア（Snowflake／dbt／Terraform）,データエンジニア,['東京都'],"['SQL', 'Python', 'AWS', 'Azure', 'GCP']",650,,400,700.0,550.0
188942,株式会社 ACES,Algorithm Engineer,その他,['フルリモート'],['Python'],40,2017-10-31 15:00:00,600,900.0,750.0
230653,株式会社 Capex,深層学習エンジニア,その他,['東京都'],"['C', 'C++', 'Python', 'Azure', 'GCP']",10,2019-08-31 15:00:00,700,1400.0,1050.0
281412,富士フイルム 株式会社,医療ITエンジニア,その他,['東京都'],"['C', 'JavaScript', 'Python']",5693,1933-12-31 15:00:00,500,1300.0,900.0
254028,オムロン エキスパートエンジニアリング 株式会社,【関東エリア】 ソフト領域のエンジニア【田町/Python】車両の移動予測アルゴリズム開発,その他,['東京都'],['Python'],400,2023-03-31 15:00:00,350,700.0,525.0
288438,株式会社 ノーチラス・テクノロジーズ,研究開発エンジニア,その他,['東京都'],"['C', 'C++', 'R']",28,2011-09-30 15:00:00,600,1000.0,800.0
269921,株式会社 アトラエ,データエンジニア・サイエンティスト (戦略タスクフォース),データエンジニア,"['東京都', 'フルリモート', '海外']",['Python'],111,2003-09-30 15:00:00,700,1200.0,950.0
281816,株式会社 ミツモア,データサイエンティスト,データサイエンティスト,['東京都'],"['SQL', 'Python', 'AWS', 'GCP']",250,2017-01-31 15:00:00,700,1100.0,900.0
274951,クレジットエンジン 株式会社,AI・LLMエンジニア,AIエンジニア,"['東京都', 'フルリモート']","['Python', 'Django', 'AWS', 'Vue.js', 'PostgreSQL', 'Azure', 'Fargate']",101,2019-12-31 15:00:00,700,1000.0,850.0
237666,株式会社 unerry,シニアデータサイエンティスト,データサイエンティスト,['東京都'],"['C', 'C++', 'SQL', 'Java', 'Python', 'R', 'AWS', 'Azure', 'GCP']",59,2015-07-31 15:00:00,900,1400.0,1150.0
290340,株式会社 Cuon,【データエンジニア】,データエンジニア,['東京都'],[],43,2009-12-31 15:00:00,500,800.0,650.0
274951,クレジットエンジン 株式会社,AI・LLMエンジニア,AIエンジニア,"['東京都', 'フルリモート']","['Python', 'Django', 'AWS', 'Vue.js', 'PostgreSQL', 'Azure', 'Fargate']",101,2019-12-31 15:00:00,700,1000.0,850.0
280254,株式会社 ソフトフロントホールディングス,プロダクト開発エンジニア(AI技術開発),その他,['フルリモート'],['C'],18,1997-03-31 15:00:00,400,650.0,525.0
289498,株式会社 ミナケア,データエンジニア,データエンジニア,"['東京都', 'フルリモート']","['SQL', 'Python', 'AWS', 'GCP']",35,2011-01-31 15:00:00,500,1000.0,750.0
112812,株式会社 ワンズパワー,AIエンジニア,AIエンジニア,['東京都'],"['C', 'JavaScript', 'Java', 'Python', 'TensorFlow', 'OpenCV', 'Keras', 'Chainer']",20,2008-09-30 15:00:00,550,850.0,700.0
291444,ジーアイクラウド 株式会社,データエンジニア,データエンジニア,['フルリモート'],"['SQL', 'Java', 'Python', 'Go', 'AWS', 'Apache', 'Azure', 'GCP', 'Spark']",50,2021-03-31 15:00:00,500,1000.0,750.0
258419,株式会社 TORIHADA,AI/MLエンジニア,AIエンジニア,['東京都'],"['SQL', 'Python', 'R', 'AWS', 'GCP']",100,2017-09-30 15:00:00,600,1200.0,900.0
251477,ダイナミックプラス 株式会社,データサイエンティスト（アルゴリズム・リーダー候補）,データサイエンティスト,['東京都'],"['JavaScript', 'Java', 'TypeScript', 'Rust']",29,2018-05-31 15:00:00,650,1800.0,1225.0
191087,ヴェネクト 株式会社,バックエンドエンジニア,その他,['東京都'],"['C', 'SQL', 'PHP', 'Java', 'Python', 'Go', 'AWS', 'Lambda', 'GCP', 'Flask', 'SRE']",30,2012-12-31 15:00:00,400,600.0,500.0
283809,株式会社 ゴルフダイジェスト・オンライン,データエンジニア,データエンジニア,['東京都'],"['SQL', 'Python', 'AWS', 'Azure', 'GCP', 'Salesforce']",487,2000-04-30 15:00:00,500,800.0,650.0
169365,アスタミューゼ 株式会社,データエンジニア・バックエンドエンジニア,データエンジニア,"['東京都', 'フルリモート']","['SQL', 'Python', 'Hadoop', 'AWS', 'Docker', 'PostgreSQL', 'Apache', 'Google Cloud Platform', 'GCP', 'Spark']",46,2005-08-31 15:00:00,700,1000.0,850.0
92071,株式会社 インタークリエイティヴ,【ITエンジニア：AIシステムの企画/開発】先端技術領域に挑戦中！,その他,"['東京都', '神奈川県', '千葉県', '埼玉県']","['SQL', 'Perl', 'Java', 'Python', 'R', 'Hadoop', 'AWS', 'TensorFlow', 'IoT', 'Jupyter', 'Keras', 'Chainer']",75,1997-10-31 15:00:00,350,800.0,575.0
293110,株式会社 ヨコタエンタープライズ,☆データベースエンジニア(名古屋市西区),データエンジニア,['愛知県'],['Oracle'],780,1996-02-29 15:00:00,497,995.0,746.0
161928,株式会社 エスユーエス,AIエンジニア,AIエンジニア,"['東京都', '神奈川県', '千葉県', '埼玉県', '茨城県', '栃木県', '群馬県']","['SQL', 'Python', 'AWS', 'Docker', 'TensorFlow', 'Azure', 'Jupyter', 'pandas', 'GCP', 'scikit-learn', 'VR']",2239,1999-08-31 15:00:00,450,800.0,625.0
285578,株式会社 ピーエスシー,【東京】AI開発エンジニア（Cloud Apps事業部）,AIエンジニア,['東京都'],"['C#', 'JavaScript', 'Java', 'Python', 'Node.js', 'React', 'Vue.js', 'Azure', 'Google Cloud Platform']",769,1996-08-31 15:00:00,450,600.0,525.0
138049,レバレジーズ 株式会社,データサイエンティスト,データサイエンティスト,['東京都'],"['SQL', 'Python', 'R', 'AWS', 'TensorFlow', 'GCP', 'scikit-learn']",2765,2005-03-31 15:00:00,600,1000.0,800.0
125807,株式会社 アムタス,【データエンジニア】,データエンジニア,"['東京都', '大分県']","['SQL', 'AWS', 'Azure', 'GCP']",132,2013-09-30 15:00:00,420,650.0,535.0
101234,株式会社 おいしい健康,機械学習エンジニア,AIエンジニア,['東京都'],"['SQL', 'Ruby', 'Ruby on Rails']",40,2016-06-30 15:00:00,450,1000.0,725.0
234613,株式会社 トラジェクトリー,ドローン自動運航のコア技術「ルート最適化アルゴリズム」の開発エンジニア,その他,['フルリモート'],['AWS'],23,2018-02-28 15:00:00,400,550.0,475.0
264086,株式会社 estie,アナリティクスエンジニア,その他,['東京都'],"['SQL', 'Python', 'AWS']",74,2018-11-30 15:00:00,600,1000.0,800.0
27002,株式会社 ユーザーローカル,AIエンジニア,AIエンジニア,['東京都'],['Python'],100,2007-07-31 15:00:00,600,950.0,775.0
27002,株式会社 ユーザーローカル,AIエンジニア,AIエンジニア,['東京都'],['Python'],100,2007-07-31 15:00:00,600,950.0,775.0
124563,株式会社 アイデミー,【技術部門/データサイエンティスト】,データサイエンティスト,"['東京都', 'フルリモート']","['SQL', 'Python', 'AWS', 'Docker', 'TensorFlow', 'Azure', 'OpenCV', 'pandas', 'GCP', 'scikit-learn']",132,2014-05-31 15:00:00,520,1300.0,910.0
290309,株式会社 ロボマインド,【AGIの開発/フルスタックエンジニア】,その他,"['兵庫県', 'フルリモート']","['C#', 'Java']",3,2009-09-30 15:00:00,500,800.0,650.0
283132,株式会社 Regnio,機械学習/IoTエンジニア,その他,['福岡県'],"['C', 'C++', 'Python', 'AWS', 'Docker', 'IoT', 'Lambda', 'OpenCV', 'Jupyter']",6,,400,700.0,550.0
250211,株式会社 イシダテック,ソフトウェアエンジニア,その他,['静岡県'],"['Python', 'TensorFlow', 'Keras']",40,,400,600.0,500.0
168025,株式会社 カケハシ,【データ基盤チーム】シニアデータエンジニア,データエンジニア,"['東京都', 'フルリモート']","['SQL', 'Python', 'AWS', 'Apache', 'Azure', 'GCP', 'Spark']",350,2016-02-29 15:00:00,700,1200.0,950.0
246211,ミーカンパニー 株式会社,データベースエンジニア,データエンジニア,['フルリモート'],"['VBA', 'ASP', 'SQL', 'Ruby', 'Python', 'Go', 'R', 'AWS', 'Docker', 'MySQL', 'Jenkins', 'GCP']",51,2010-11-30 15:00:00,600,800.0,700.0
286861,コミューン 株式会社,データサイエンティスト,データサイエンティスト,['東京都'],"['SQL', 'Python', 'Google Cloud Platform', 'scikit-learn']",145,2018-04-30 15:00:00,880,1320.0,1100.0
271606,アバナード 株式会社,AI/フルスタックエンジニア（メンバー～マネージメントクラス）,その他,"['東京都', '大阪府']","['Java', 'Python', 'TensorFlow', 'Azure']",800,2005-06-30 15:00:00,600,1100.0,850.0
179785,スマートスケープ 株式会社,・ソフトウェア開発チームリーダー（東京）,その他,['東京都'],"['C#', 'JavaScript', 'Python', 'Swift', 'Node.js', 'iOS', 'Android', 'AWS', 'Docker', 'MySQL', 'Vue.js', 'PostgreSQL', 'Azure', 'OpenCV', 'pandas', 'Xamarin', 'Matplotlib', 'Electron', 'NodeJS', 'scikit-learn', 'Flask']",140,2003-01-31 15:00:00,500,800.0,650.0
281976,株式会社 パタンナー,データエンジニア,データエンジニア,['東京都'],[],13,2021-02-28 15:00:00,550,700.0,625.0
262348,マイクロベース 株式会社,データサイエンティスト,データサイエンティスト,"['東京都', '神奈川県']","['Python', 'AWS', 'Docker', 'PostgreSQL', 'GCP']",26,2018-07-31 15:00:00,400,1000.0,700.0
247502,株式会社 Lightblue,アルゴリズムエンジニア,その他,['東京都'],"['SQL', 'Python', 'Docker', 'TensorFlow', 'Kubernetes']",20,,500,1200.0,850.0
211742,パーソルビジネスプロセスデザイン 株式会社,データエンジニア（MX統括部）,データエンジニア,['東京都'],"['JavaScript', 'SQL', 'Python', 'AWS', 'PostgreSQL', 'Azure', 'Jupyter', 'GCP', 'Salesforce']",18253,1977-08-31 15:00:00,500,1000.0,750.0
129626,株式会社 ユーザベース,スピーダ - 機械学習エンジニア (ML/NLP),AIエンジニア,['東京都'],"['Python', 'TensorFlow']",1091,2008-03-31 15:00:00,560,840.0,700.0
248008,GEM Partners 株式会社,データエンジニア,データエンジニア,['東京都'],"['SQL', 'PHP', 'Ruby', 'Python', 'AWS']",33,2008-02-29 15:00:00,800,1500.0,1150.0
183684,ウェルスナビ 株式会社,データエンジニア,データエンジニア,['東京都'],"['SQL', 'Ruby', 'Python', 'AWS', 'GCP']",190,2015-03-31 15:00:00,600,1200.0,900.0
253389,株式会社 FOLIO,クオンツエンジニア,その他,"['東京都', 'フルリモート']","['SQL', 'Python', 'AWS']",91,2015-11-30 15:00:00,600,1000.0,800.0
244946,株式会社 TimeTree,データエンジニア,データエンジニア,['東京都'],"['SQL', 'Ruby', 'Python', 'AWS', 'Firebase']",102,2014-08-31 15:00:00,550,950.0,750.0
229877,アソビュー 株式会社,データ基盤エンジニア,データエンジニア,"['東京都', 'フルリモート']","['JavaScript', 'Java', 'Python', 'AWS', 'MySQL', 'PostgreSQL', 'Azure', 'Jenkins', 'Elasticsearch', 'GCP', 'Spark']",200,2011-02-28 15:00:00,700,1000.0,850.0
211353,株式会社 アゼスト,データサイエンティスト,データサイエンティスト,['フルリモート'],"['SQL', 'Python', 'AWS', 'GCP']",35,1989-08-31 15:00:00,360,1000.0,680.0
292416,メダップ 株式会社,【VPoT候補】データリードポジション,その他,['東京都'],"['SQL', 'Python']",27,2017-07-31 15:00:00,810,1200.0,1005.0
286419,株式会社 シーエー・アドバンス,SQLを利用したABEMAのデータ分析,その他,['沖縄県'],['SQL'],1685,2008-05-31 15:00:00,540,720.0,630.0
292186,株式会社 QVC ジャパン,r Software Engineer,その他,['千葉県'],"['C#', 'C', 'C++', 'JavaScript', 'PHP', 'Ruby', 'Java', 'Python', 'Swift', 'Go', 'R', 'Kotlin']",1500,2000-05-31 15:00:00,700,800.0,750.0
287107,株式会社 Spakona,AIエンジニア,AIエンジニア,['東京都'],"['SQL', 'Python', 'AWS', 'Docker', 'Azure', 'Lambda', 'GCP']",5,2020-07-31 15:00:00,700,1200.0,950.0
180437,マツダ 株式会社,【IT2411】データサイエンティスト,データサイエンティスト,"['広島県', 'フルリモート']","['Python', 'R']",23144,1919-12-31 15:00:00,400,1200.0,800.0
290507,株式会社 クレオテック,salesforceとデータレイクを活用したDXプラットフォーム開発運用,その他,['京都府'],"['C#', 'SQL', 'PHP', 'Java', 'Python', 'Azure', 'Salesforce']",465,1993-05-31 15:00:00,426,616.0,521.0
238459,エレファンテック 株式会社,印刷画像生成アルゴリズム開発担当,その他,['東京都'],"['C#', 'Python']",95,2013-12-31 15:00:00,600,1200.0,900.0
290457,株式会社 ORSO,生成AIエンジニア,AIエンジニア,['東京都'],"['JavaScript', 'Python', 'Node.js', 'React', 'TypeScript', 'AWS', 'Docker', 'MySQL', 'IoT', 'React Native']",110,2005-04-30 15:00:00,400,600.0,500.0
287290,ソリューション・ラボ・ジャパン 株式会社,データエンジニア,データエンジニア,"['東京都', '神奈川県']","['SQL', 'Python']",201,1992-05-31 15:00:00,350,600.0,475.0
182016,株式会社 ファインデックス,データサイエンティスト/東京,データサイエンティスト,['東京都'],"['Python', 'Go']",339,1984-12-31 15:00:00,600,1000.0,800.0
293285,株式会社 Prazto,【業務委託】購買予測モデル構築エンジニア,その他,['フルリモート'],"['SQL', 'Python', 'scikit-learn']",30,2018-12-31 15:00:00,200,900.0,550.0
261358,株式会社 SHIFT,【DAAE】生成AIエンジニア,AIエンジニア,"['東京都', '神奈川県', '千葉県', '埼玉県']",[],13598,2005-08-31 15:00:00,800,1200.0,1000.0
283899,株式会社 オープンドア,AIエンジニア,AIエンジニア,['東京都'],"['JavaScript', 'PHP', 'Python', 'CodeIgniter', 'jQuery', 'React', 'AWS', 'Docker', 'Laravel', 'PostgreSQL', 'Azure', 'Jenkins', 'GCP']",189,1997-03-31 15:00:00,400,650.0,525.0
272445,株式会社 識学,データエンジニア,データエンジニア,"['東京都', '大阪府', '愛知県', '宮城県', '福岡県']",[],227,2015-02-28 15:00:00,480,800.0,640.0
208537,株式会社 プリマジェスト,AIエンジニア,AIエンジニア,"['東京都', '神奈川県', '千葉県', '埼玉県']","['Python', 'TensorFlow']",2364,1968-06-30 15:00:00,600,1100.0,850.0
284899,株式会社 SHO-SAN,AIエンジニア / モデル調整 / LangChain設計,AIエンジニア,['東京都'],[],19,2015-06-30 15:00:00,500,600.0,550.0
236309,ライフマティックス 株式会社,研究支援エンジニア,その他,"['東京都', '大阪府', '茨城県', 'フルリモート', '海外']","['JavaScript', 'Python', 'R', 'Django', 'AWS', 'Docker', 'TensorFlow', 'MachineLearning', 'OpenCV']",60,2004-05-31 15:00:00,430,1000.0,715.0
239272,SCデジタル 株式会社,データベースエンジニア,データエンジニア,['東京都'],"['SQL', 'Java', 'Python']",141,2017-11-30 15:00:00,700,1000.0,850.0
283211,株式会社 FIXER,AI Context Architect,その他,['東京都'],['C'],326,2008-08-31 15:00:00,600,1200.0,900.0
241109,株式会社 BLOCKSMITH&Co.,【開発】AIエンジニア,AIエンジニア,['東京都'],"['JavaScript', 'Python', 'TypeScript', 'AWS', 'Docker', 'TensorFlow', 'PostgreSQL', 'Azure', 'Kubernetes', 'Keras', 'GCP', 'Chainer']",30,2022-03-31 15:00:00,500,1500.0,1000.0
239272,SCデジタル 株式会社,データベースエンジニア,データエンジニア,['東京都'],"['SQL', 'Java', 'Python']",141,2017-11-30 15:00:00,700,1000.0,850.0
215138,ニフティ 株式会社,ISP運用データ分析/サーバーエンジニア,その他,['東京都'],"['C', 'Python', 'AWS']",392,2017-01-31 15:00:00,470,750.0,610.0
226569,アイディルートコンサルティング 株式会社,[CIO] DXエンジニア(Data),その他,['東京都'],[],165,2016-03-31 15:00:00,450,850.0,650.0
292720,CPAエクセレントパートナーズ 株式会社,AIソリューションアーキテクト／技術開発本部,その他,['東京都'],"['AWS', 'TensorFlow']",435,2001-08-31 15:00:00,800,1500.0,1150.0
292965,MicroWorld 株式会社,【東京】AI,その他,['東京都'],"['React', 'Spring']",77,2017-12-31 15:00:00,500,1000.0,750.0
286162,mui Lab 株式会社,AIエンジニア,AIエンジニア,"['東京都', '京都府']","['C', 'Python', 'R', 'TypeScript', 'AWS', 'Golang', 'IoT', 'Azure']",24,2017-09-30 15:00:00,720,1104.0,912.0
289555,arcbricks 株式会社,データ x AIエンジニア（リーダー）,AIエンジニア,['東京都'],"['Apache', 'Spark']",5,2025-03-31 15:00:00,800,1000.0,900.0
248214,エンカレッジ・テクノロジ 株式会社,AIエンジニア,AIエンジニア,['東京都'],"['Python', 'R', 'AWS', 'TensorFlow', 'Jupyter', 'Keras', 'pandas', 'Matplotlib', 'scikit-learn']",131,2002-10-31 15:00:00,612,890.0,751.0
228280,株式会社 エクサウィザーズ,Machine Learning Engineer(NLP),その他,['東京都'],[],351,2016-01-31 15:00:00,600,1000.0,800.0
242682,INSIGHT LAB 株式会社,データエンジニア,データエンジニア,"['東京都', '大阪府', '北海道', '栃木県', '新潟県', '沖縄県']",[],125,2005-11-30 15:00:00,450,650.0,550.0
265509,AlpacaTech 株式会社,データプラットフォームエンジニア,その他,"['東京都', 'フルリモート']","['Ruby', 'Python', 'Go', 'Docker', 'Kubernetes']",39,2022-06-30 15:00:00,600,1000.0,800.0
289419,株式会社 Hakuhodo DY ONE,データエンジニア,データエンジニア,['東京都'],"['JavaScript', 'SQL', 'Python', 'GCP']",3172,2024-03-31 15:00:00,500,1000.0,750.0
289711,株式会社 電通デジタル ,AI開発エンジニア,AIエンジニア,['東京都'],"['JavaScript', 'PHP', 'Ruby', 'Java', 'Python', 'Go', 'AWS', 'Docker', 'MySQL', 'Vue.js', 'Nginx', 'Azure', 'GCP', 'Flask']",2200,2016-06-30 15:00:00,600,1500.0,1050.0
265702,株式会社 HACARUS,データサイエンティスト,データサイエンティスト,"['東京都', '京都府']","['Python', 'AWS', 'Docker', 'OpenCV', 'Jupyter', 'pandas', 'scikit-learn']",70,2013-12-31 15:00:00,500,900.0,700.0
216091,株式会社 リクルート,ソフトウェアエンジニア,その他,['東京都'],['Pepper'],20767,2012-09-30 15:00:00,735,1048.0,891.5
272774,株式会社 SMALL WORLD,052：データサイエンティスト,データサイエンティスト,['東京都'],"['SQL', 'Python', 'AWS', 'GCP']",8,2019-03-31 15:00:00,250,900.0,575.0
197368,サイトカイン 株式会社,データエンジニア,データエンジニア,['東京都'],"['SQL', 'PHP', 'Python', 'AWS', 'Laravel', 'GCP']",19,2015-02-28 15:00:00,450,600.0,525.0
256936,株式会社 ストラテジーアンドパートナー,フルスタックエンジニア,その他,['東京都'],"['Ruby', 'Python', 'Go', 'AWS', 'Apache', 'Lambda', 'Elasticsearch', 'Oracle', 'Spark']",10,2013-07-31 15:00:00,360,600.0,480.0
276595,株式会社 アドレイ,マーケティングデータアナリスト/データエンジニア（福岡）,データサイエンティスト,['福岡県'],"['SQL', 'AWS', 'Salesforce']",41,1971-01-31 15:00:00,450,730.0,590.0
76799,株式会社 ジェネシス,システムエンジニア／プログラマー,その他,['東京都'],[],50,1993-03-31 15:00:00,350,700.0,525.0
263675,株式会社 マクロセンド,AIソリューションアーキテクト,その他,['東京都'],"['SQL', 'Python', 'TensorFlow']",30,2012-11-30 15:00:00,600,900.0,750.0
177594,株式会社 テプコシステムズ,DX推進エンジニア,その他,['東京都'],"['Java', 'Python', 'Swift', 'Node.js', 'React', 'iOS', 'Android', 'AWS', 'MySQL', 'Vue.js', 'IoT']",1003,1977-06-30 15:00:00,450,900.0,675.0
207594,フレックシステムズ 株式会社,データベースエンジニア,データエンジニア,"['東京都', '神奈川県', '千葉県', '埼玉県']",['SQL'],56,2003-09-30 15:00:00,400,600.0,500.0
221707,株式会社 Tengun-label,ROSエンジニア/ロボティクス,その他,['東京都'],"['C', 'C++', 'Python', 'DeepLearning', 'OpenCV', 'ROS']",4,2020-06-30 15:00:00,450,720.0,585.0
253161,PaMeLa 株式会社,AIエンジニア・データサイエンティスト,AIエンジニア,['大阪府'],"['C#', 'C', 'C++', 'Java', 'Python', 'React', 'TensorFlow', 'Keras']",9,2016-01-31 15:00:00,500,700.0,600.0
223995,パレクセル・インターナショナル 株式会社,統計解析スペシャリスト,その他,"['東京都', '大阪府', '兵庫県']",[],1200,1995-06-30 15:00:00,500,700.0,600.0
128433,株式会社 タイムインターメディア,AIエンジニア(進化計算),AIエンジニア,['東京都'],"['C#', 'C', 'C++', 'Java']",106,1998-03-31 15:00:00,400,650.0,525.0
256103,株式会社 True Data,データサイエンティスト,データサイエンティスト,['東京都'],"['SQL', 'Python']",105,2000-09-30 15:00:00,600,1200.0,900.0
109091,A.I.システム研究所 株式会社,エンジニア,その他,['京都府'],"['Python', 'AWS', 'DeepLearning', 'OpenCV', 'Rust']",11,2016-08-31 15:00:00,600,1200.0,900.0
258105,モルゲンロット 株式会社,【技術職】R&Dエンジニア／研究員,その他,['東京都'],"['C', 'C++', 'Python', 'R', 'Kubernetes']",24,2019-03-31 15:00:00,500,1200.0,850.0
169562,株式会社 ストラドル,データサイエンティスト,データサイエンティスト,"['東京都', '山梨県']","['Python', 'Django']",14,2018-03-31 15:00:00,350,600.0,475.0
195657,東洋 株式会社,機械学習エンジニア(札幌),AIエンジニア,['北海道'],"['PHP', 'Python', 'MySQL', 'PostgreSQL', 'SQLServer']",170,1964-09-30 15:00:00,300,600.0,450.0
