job_offer_id,job_offer_title,job_offer_name,client,photo_urls,job_offer_detail,job_offer_areas,job_offer_min_salary,job_offer_max_salary,job_offer_skill_names,job_offer_features,job_offer_new_flg,job_offer_updated_at_timestamp,is_send_user_favorite,other_job_offers,summaries,features,client_business,favorite_status,job_apply_status
294081,当社 3人目社員・エンジニアメンバー募集｜受託開発/データエンジニアとして顧客課題を解決！,データエンジニア（メンバーポジション）,"{'id': 10667, 'name': '株式会社 cococo', 'title': '「ただ作る」では終わらせない。技術と対話力で、ビジネスを一歩前へ進める仲間を募集。', 'established_at': 1701356400, 'employee_count': 10, 'company_features': ['カジュアル面談歓迎'], 'logo_photo_url': 'https://www.green-japan.com/photo/728610'}","['https://www.green-japan.com/photo/728615', 'https://www.green-japan.com/photo/727445', 'https://www.green-japan.com/photo/723309']","お客様の抱える課題に対して、エンジニアリング力×問題解決力を武器にソリューションを提供していただきます。
プロジェクトは様々ありますが、あなたのこれまでの経験や今後のWillを大事に、最適なプロジェクトにいただきます。

また、創業から間もない為創業メンバーとして経営戦略や事業戦略にも携わっていただきたいと考えており、経営視点を座学だけでなく実践も交えながら学ぶことができます。将来的な起業も支援していきたいと考えています。",['東京都'],400,550,"['SQL', 'Python', 'AWS', 'Azure', 'GCP']","['リモート勤務の相談可', '業務委託契約可', 'クライアントワーク']",True,1755063987,True,[],[],"['リモート勤務の相談可', '業務委託契約可']","{'photo_url': 'https://www.green-japan.com/photo/728590', 'name': '提案力と技術力で伴走する「テックスタジオ（受託開発）事業」', 'introduction': 'DX推進や新規事業・ECサイト構築において、企画段階から関与。技術力と提案力で課題に向き合い、顧客と共にビジネスを創る伴走型のパートナーとして価値提供を目指しています。'}","{'is_already_favorite_from_user': False, 'is_already_favorite_from_client': False, 'is_already_want_to_talk': False, 'is_already_want_to_meet': False}","{'can_apply': True, 'is_job_offer_closed': False, 'is_scout_received': False, 'message_thread_id': 0}"
267455,【データエンジニア（インハウス）】手軽でヘルシーな冷凍弁当 nosh（ナッシュ）を提供／D2C自社サービス,データエンジニア（メンバー）,"{'id': 6913, 'name': 'ナッシュ 株式会社', 'title': '＼速報／販売累計5,000万食突破！！おいしさと健康を両立する低糖質料理デリバリー『nosh』', 'established_at': 1464706800, 'employee_count': 460, 'company_features': ['カジュアル面談歓迎', '上場を目指す', '平均年齢20代', '自社サービス製品あり', '残業少なめ'], 'logo_photo_url': 'https://www.green-japan.com/photo/559596'}","['https://www.green-japan.com/photo/421133', 'https://www.green-japan.com/photo/416747']","自社サービスのWebシステム開発を担うエンジニアを募集しています。

◾️◾️業務の一例◾️◾️　
・RDB、ログファイル全般、Redis等、データ保持機構の運用と改善
・SQLやLooker等を用いたデータ加工、抽出、集計およびレポートやリストの作成
・データから得られた知見の業務への活用
・AWSやGCP上でのデータ活用基盤開発、保守運用
▼従事すべき業務の変更の範囲：適性に応じて会社の指示する業務への異動を命じることがあります

◾️◾️期待する役割／ミッション◾️◾️
データ基盤の構築維持、データガバナンス、データサイエンスなど、データに関わる開発分析業務に取り組んでいただきます。

◾️◾️プロダクト一例◾️◾️
・販売管理ECサイト(nosh.jp)
・顧客管理システム
・自社保有の工場生産管理システム
・自社保有の物流倉庫管理システム

◾️◾️開発環境◾️◾️
インフラ：AWS（EC2, RDS, Lambda, Amplify など）、GCP、Python、Shell などで運用ツールを開発
CI：GitHub Actions
コード管理：Git（GitHub）
仮想環境：Docker
エディタ：VSCode・IntelliJ IDEA・vim など、自由に選択可
PC：MacBook Pro（M4チップ／メモリ32GB／512GB SSD）をはじめ、最新スペックのMacを支給
モニター：デュアルモニターを標準支給。快適な開発環境を整備",['大阪府'],540,840,"['SQL', 'Python', 'AWS', 'Docker', 'MySQL', 'PostgreSQL', 'Lambda', 'Oracle', 'GCP', 'Redis', 'SQLServer']","['toC自社サービス', '転勤なし', '学歴不問', '服装自由']",True,1754970631,True,[],[],[],"{'photo_url': None, 'name': '糖質料理デリバリーサービス『nosh』', 'introduction': 'noshは健康を意識した糖質制限食を提供するデリバリーサービスです。専属料理人が調理した健康的で美味しい食事を冷凍でお届けします。'}","{'is_already_favorite_from_user': False, 'is_already_favorite_from_client': False, 'is_already_want_to_talk': False, 'is_already_want_to_meet': False}","{'can_apply': True, 'is_job_offer_closed': False, 'is_scout_received': False, 'message_thread_id': 0}"
288361,シリーズC13億｜ビッグデータ人材｜事業を支えるデータオペレーションスタッフ,◢◤ビッグデータ人材◢◤データオペレーションスタッフ,"{'id': 10165, 'name': 'TRUSTART 株式会社', 'title': '不動産データベースを活用したSaaSを開発する不動産TECHスタートアップ', 'established_at': 1588258800, 'employee_count': 31, 'company_features': ['カジュアル面談歓迎', '上場を目指す', '自社サービス製品あり', 'シェアトップクラス'], 'logo_photo_url': 'https://www.green-japan.com/photo/663499'}","['https://www.green-japan.com/photo/657812', 'https://www.green-japan.com/photo/657774']","◢◤期待する役割◢◤
急成長中の不動産ビッグデータ事業において、データの収集・加工・提供を担うデータオペレーションスタッフとして、サービスの根幹を支える重要な役割を担っていただきます。具体的には、不動産データの収集、データのクレンジング・検証、データ加工、データベースへの登録といった業務に携わっていただきます。
データの品質管理はサービスの信頼性に関わる重要な要素となるため、正確かつ迅速な作業が求められます。また、データ分析チームと連携し、データの精度向上や新たなデータ活用方法の提案にも貢献していただきます。
将来的には、データ分析業務へのステップアップや、チームリーダーとしてデータオペレーションチームを牽引する役割を担っていただくことも期待しています。

◢◤業務内容◢◤
不動産データの収集・加工
データの品質チェックと精度向上のための検証作業
データ抽出・加工ツールの運用・保守
データ関連業務の効率化・自動化の検討
顧客からのデータ関連問い合わせ対応
など",['東京都'],400,800,"['SQL', 'Python']","['週に1回以上のリモート', 'リモート勤務の相談可', '時短勤務可', '業務委託契約可', 'toB自社サービス', '急募求人', '転勤なし', '学歴不問', '服装自由']",False,1755156777,True,[],[],"['週に1回以上のリモート', '時短勤務可', '業務委託契約可']","{'photo_url': 'https://www.green-japan.com/photo/666676', 'name': '不動産ビッグデータ提供サービス『R.E.DATA』', 'introduction': '当社独自に収集した不動産データ。『R.E.DATA』はお客様のニーズに合わせて、当社が保有するビッグデータからお客様の価値創出のために適切なデータを提供するサービスです。'}","{'is_already_favorite_from_user': False, 'is_already_favorite_from_client': False, 'is_already_want_to_talk': False, 'is_already_want_to_meet': False}","{'can_apply': True, 'is_job_offer_closed': False, 'is_scout_received': False, 'message_thread_id': 0}"
187679,【データ未経験OK】データエンジニア募集！エンジニア経験がある方大歓迎（研修制度・スキルアップ制度充実/在宅勤務制度有り/顧客直取引/クラウドメイン）,（職種未経験者歓迎）データエンジニア,"{'id': 6167, 'name': '株式会社 メンバーズ メンバーズデータアドベンチャーカンパニー', 'title': 'データと意思と情熱で、心豊かな社会をつくる。', 'established_at': 801932400, 'employee_count': 2303, 'company_features': ['カジュアル面談歓迎', '上場', '残業少なめ'], 'logo_photo_url': 'https://www.green-japan.com/photo/527112'}","['https://www.green-japan.com/photo/597691', 'https://www.green-japan.com/photo/597692', 'https://www.green-japan.com/photo/496911']","大手企業・IT目がベンチャーを中心に、出勤または自宅からリモート環境で常駐先のデータ分析基盤の構築・運用業務を担当して頂きます。
エンジニアとしてシステム開発経験やSQLの業務利用経験があればOKです！弊社ではデータエンジニアは未経験だけど、基幹システム開発やWebアプリ開発、ＰＭの経験があるエンジニアが多数活躍しています！！

【具体的な仕事内容】
スキルやご経験、今後のキャリアプランに合わせて、主に①、②の業務をお任せします。
データ分析基盤構築の経験がない方であれば、データエンジニア研修で知識をインプットしてから常駐からスタートします。

①データのビジュアライゼーション
データ分析基盤からデータを抽出、可視化する業務を行っていただきます。例えば、SQLでデータマートを作成し、データマートからのデータの集計をBIツール（Tableau、 Google Data Portalなど）で行います。また、Tableauダッシュボードを自動更新するためにBIとDWHのデータパイプラインを構築することもあります。

②データ活用のためのデータ分析基盤構築・運用
クライアントが持つビッグデータを活用するためのデータ分析基盤を構築していただきます。開発環境はAWSやGCPなどクラウドメインで、要件整理、データ連携（ETL）、データ蓄積（DWH）を行い、データ利用者がデータを利用できるように様々なデータ分析環境を整える業務です。
クライアントの業務フローやデータの構造を把握したり、クライアントの要望をヒアリングするなど上流工程からかかわることも多いです。

その他にも、データ分析環境を開発するためのPM業務、機械学習モデルの開発、常駐先でのスキルトランスファーなどを行っていただく場合もあります。

■開発環境の例（案件によりますが、以下環境が多いです）
言語：SQL、Python、R
クラウド：AWS（EC2、Lambda、S3、Athena等）、GCP（Compute Engine、Cloud Functions、Cloud Storage、BigQuery等）
RDB：MySQL、PostgreSQL
ソースコード管理：GitHub
コミュニケーションツール：Slack
BI：Tableau、Googleデータポータル、QuickSight
扱うデータ：テーブルデータ中心（売上データ、POSデータ、webサイトアクセスデータ、会員情報など）

■タスクの例
・SQLを用いてクライアントの依頼に合わせたテーブル作成やデータ抽出を行う。
・SQLでデータマートを作成。データマートからのデータの集計をBIツール（Tableau、 Google Data Portal）で行う。
・Tableauダッシュボードを自動更新するため、GCP/BigQuery上のDWHをベースとしてデータパイプラインを構築する。

【社員が語る会社の魅力】
常駐型でありながら会社の中でも団結がしっかりしているというところだと思います。勉強会が頻繁に開かれていたり、そのコミュニティからの発信が多いこと、また帰社会という形でDAの社員全員が集まる機会があることで自然と帰属意識や繋がりみたいなことを感じています。
前職では業務システムのバックエンドの開発を行っておりデータエンジニアは未経験でしたが、こういった環境の中で新しい知識を得てスキルアップできていると思います。

【入社後の流れ】
入社後約1ヶ月はGCPなどの研修を受けていただきながら常駐先の案件を選定していきます。常駐先が決定しましたら、出勤または在宅勤務で業務を開始していただきます。基本的には今ある経験・スキルを活かしながら、やったことがない・やりたい業務を経験できる案件に入り、常駐中も勉強会などでインプットしながら実務でアウトプットして成長していって欲しいと思っています。

少しでも興味を持っていただけましたら、オンラインカジュアル面談で一度お話しができればと思います。ちょっと話を聞いてみたい、この部分の詳細が知りたい！など、お気軽にご連絡ください。
ぜひ、ご応募をお待ちしております！
※面談/面接はすべてオンラインにて実施しております。","['東京都', '神奈川県']",400,600,"['C', 'SQL', 'Java', 'Python', 'R', 'AWS', 'MySQL', 'PostgreSQL', 'Lambda', 'GCP']","['職種未経験歓迎', '業界未経験歓迎', '副業可', '急募求人', '転勤なし', '学歴不問', '採用枠5名以上']",False,1755160718,True,"[{'id': 238837, 'title': 'データエンジニア経験者募集！データ領域に特化してスキルを磨いていきませんか？', 'name': 'データエンジニア（経験者）', 'min_salary': 500, 'max_salary': 850, 'areas': ['東京都', '神奈川県'], 'photo_url': 'https://www.green-japan.com/photo/597432'}, {'id': 273505, 'title': '【データエンジニア／生成AIエンジニア】顧客直取引／生成AI経験者歓迎！／DX推進／生成AIを用いたシステム・アプリケーション開発を行うエンジニア募集', 'name': 'データエンジニア／生成AIエンジニア（東京エリア）', 'min_salary': 450, 'max_salary': 500, 'areas': ['東京都'], 'photo_url': 'https://www.green-japan.com/photo/597692'}]",[],"['職種未経験歓迎', '業界未経験歓迎', '副業可']","{'photo_url': None, 'name': 'データ活用デジタルプロフェッショナルサービス', 'introduction': '顧客企業の業績向上を支えるデータ活用型プロフェッショナルサービスを提供します。AWSやGCPを使ってビッグデータ分析基盤を構築し、データのビジュアル化を推進します。'}","{'is_already_favorite_from_user': False, 'is_already_favorite_from_client': False, 'is_already_want_to_talk': False, 'is_already_want_to_meet': False}","{'can_apply': True, 'is_job_offer_closed': False, 'is_scout_received': False, 'message_thread_id': 0}"
267012,最先端技術を駆使して、顧客の課題を解決していくデータエンジニア募集,データエンジニア,"{'id': 10030, 'name': '株式会社 ヘッドウォータース', 'title': 'AIを通じて顧客の経営課題を解決する国内トップのAIテックカンパニー集団', 'established_at': 1130770800, 'employee_count': 127, 'company_features': ['カジュアル面談歓迎', '上場', 'グローバルに活動', '残業少なめ'], 'logo_photo_url': 'https://www.green-japan.com/photo/603897'}","['https://www.green-japan.com/photo/602672', 'https://www.green-japan.com/photo/602674', 'https://www.green-japan.com/photo/602673']","・データアーキテクチャ設計、データベース最適化、データ・パイプラインの構築などを通して多様なプロジェクトへ参画する
・データ分析チーム、AI開発チームと密接に協力し、効率的で安全かつ迅速なデータの収集・保存・検索等を実現し、信頼性高く、価値あるデータ主導のソリューションを組織に提供する
・ビックデータシステムに携わり、オープンソーステクノロジーを活用する
　Hadoopエコシステム、Apache Spark、Hliveなど

弊社であれば、単にデータを扱うだけでなく、
生成AI＋Data、エッジAI＋Data、App＋Data、IoT＋Data・・・など
さまざまな要素を持つプロジェクトが豊富にございます。

【プロジェクト例】
・西日本旅客鉄道株式会社の駅員向け生成AIアシスタント「Copilot for 駅員」開発支援
・「RAGがうまくいかない」企業向けにMicrosoft Fabricをデータプラットフォームとした 「Advanced RAG」サービス開始
・データブリックスのSIコンサルティングパートナーに認定
・伊藤忠商事様：「バーチャルオフィス」の生成AI及び Microsoft Fabric等のデータプラットフォーム活用支援
・ローソンで店舗DXに向けたエッジAI活用による実証実験を2023年3月～8月に実施 ～エッジAI技術を用いた棚分析や顧客行動分析がオペレーションの効率化を実現～
・渋谷区都市データ連携基盤・実装委託事業者に選定されました ～ 日本マイクロソフトと連携し、渋谷区の都市データ連携基盤構築を支援～","['東京都', 'フルリモート']",600,900,"['C', 'C++', 'JavaScript', 'SQL', 'Java', 'Python', 'Node.js', 'Hadoop', 'TypeScript', 'AWS', 'Docker', 'Apache', 'IoT', 'Azure', 'Spark']","['フルリモート', '週に1回以上のリモート', 'リモート勤務の相談可', '副業可', '時短勤務可', 'フレックスタイム', 'クライアントワーク', '服装自由', '採用枠5名以上']",False,1755066318,True,[],[],"['フルリモート', '週に1回以上のリモート', '副業可', '時短勤務可', 'フレックスタイム']","{'photo_url': None, 'name': '最先端AI技術ソリューションサービス', 'introduction': '最先端AI技術を活用し、顧客の課題解決とビジネス成功を支援します。ディープラーニングや機械学習を駆使し、多様な分野で新たな価値を提供します。'}","{'is_already_favorite_from_user': False, 'is_already_favorite_from_client': False, 'is_already_want_to_talk': False, 'is_already_want_to_meet': False}","{'can_apply': True, 'is_job_offer_closed': False, 'is_scout_received': False, 'message_thread_id': 0}"
226213,【データエンジニア】開発経験を活かしてデータ領域に挑戦（FLINTERS BASE社採用）,データエンジニア BASE,"{'id': 6440, 'name': '株式会社 FLINTERS', 'title': '社会に役立つ事業を通じて未来につながる火を灯そう', 'established_at': 1388502000, 'employee_count': 90, 'company_features': ['カジュアル面談歓迎', '自社サービス製品あり', 'シェアトップクラス', 'グローバルに活動', '残業少なめ'], 'logo_photo_url': 'https://www.green-japan.com/photo/528543'}","['https://www.green-japan.com/photo/610307', 'https://www.green-japan.com/photo/415196', 'https://www.green-japan.com/photo/610308']","【データエンジニアとは？】
多種多様なデータを統合・活用する基盤を構築し、企業のビジネス成長を支援する職種です。
マーケティングデータやユーザーデータなどを活用する仕組みを設計し、企業の意思決定を加速させます。

【このポジションの魅力】
✔約400時間の実践的な研修で「使えるスキル」を習得
✔AWSやGoogle Cloudなどモダンな技術に触れられる
✔大手企業のデータ活用プロジェクトで経験を積める
✔データ領域の専門性を身につけて、キャリアの選択肢を広げられる
✔ 顧客の課題解決を通じて、エンジニアとしての視座を高められる

【具体的な仕事内容】
研修終了後は、お客様のデータ活用を支援するプロジェクトに参画いただきます。
・マーケティングデータを中心とした大規模データ処理基盤の設計・開発
・クライアントが持つ課題の理解、要件定義
・データ基盤の構築、ETLパイプライン設計
・外部ツールとの連携設計
・データ分析業務の支援、運用

【参画実績例】
大手小売企業の顧客購買データ基盤強化
EC企業のマーケティングデータ活用支援
大手広告代理店のインターネット広告運用システム開発

【開発環境例】
言語：Python、SQL
クラウド：AWS、Google Cloud
IaCツール：Terraform
コンテナ：Docker
※ プロジェクトにより異なります

▼まずはカジュアル面談からOK▼
「データエンジニアってどんな仕事？」
「自分の経験でも挑戦できる？」
そんな疑問からでも大歓迎です。ぜひ一度、お話ししましょう！","['東京都', '神奈川県', '千葉県', '埼玉県', '茨城県', '栃木県', '群馬県']",350,450,"['SQL', 'Python', 'AWS', 'Docker']","['職種未経験歓迎', '業界未経験歓迎', 'フルリモート', '週に1回以上のリモート', 'リモート勤務の相談可', '副業可', 'フレックスタイム', 'クライアントワーク', '急募求人', '転勤なし', '学歴不問', '服装自由', '語学を活かす', '採用枠5名以上', '多国籍な職場']",False,1754363438,True,"[{'id': 273394, 'title': 'テックリードとしてチームを牽引し、自己実現しませんか？', 'name': 'データエンジニア リーダー候補', 'min_salary': 600, 'max_salary': 1000, 'areas': ['東京都', '神奈川県', '千葉県', '埼玉県', '茨城県', '栃木県', '群馬県'], 'photo_url': 'https://www.green-japan.com/photo/670088'}, {'id': 238018, 'title': '★裁量を持って成長できる！デジタルマーケティング領域のデータエンジニア募集★', 'name': 'データエンジニア', 'min_salary': 500, 'max_salary': 700, 'areas': ['東京都', '神奈川県', '千葉県', '埼玉県', '茨城県', '栃木県', '群馬県'], 'photo_url': 'https://www.green-japan.com/photo/526917'}, {'id': 275115, 'title': '【エンジニア初心者歓迎】データエンジニアとして市場価値上げて活躍しませんか？（FLINTERS BASE社採用）', 'name': 'データエンジニア未経験', 'min_salary': 350, 'max_salary': 450, 'areas': ['東京都', '神奈川県', '千葉県', '埼玉県', '茨城県', '栃木県', '群馬県'], 'photo_url': 'https://www.green-japan.com/photo/532094'}, {'id': 270344, 'title': '【データエンジニア】電通×セプテーニ グループ｜データ×アプリで幅広い領域に挑戦！裁量労働制◎エンジニアドリブンで働きやすい環境', 'name': 'データエンジニア【データ×アプリ】', 'min_salary': 500, 'max_salary': 700, 'areas': ['東京都', '神奈川県', '千葉県', '埼玉県', '茨城県', '栃木県', '群馬県'], 'photo_url': 'https://www.green-japan.com/photo/670088'}]",[],"['職種未経験歓迎', '業界未経験歓迎', 'フルリモート', '週に1回以上のリモート', '副業可', 'フレックスタイム']","{'photo_url': 'https://www.green-japan.com/photo/670089', 'name': 'データ統合と活用を推進するDX支援サービス', 'introduction': '多様なデータの統合とAI技術を活用し、企業のDXを支援します。デジタルマーケティングとAI技術を駆使して、ビジネスの最適化を実現します。'}","{'is_already_favorite_from_user': False, 'is_already_favorite_from_client': False, 'is_already_want_to_talk': False, 'is_already_want_to_meet': False}","{'can_apply': True, 'is_job_offer_closed': False, 'is_scout_received': False, 'message_thread_id': 0}"
286281,【リモート可／残業15h未満】データエンジニア／大手クライアントPJ多数／平均昇給率7.7%!,データエンジニア（データ基盤構築）／リードエンジニア,"{'id': 3452, 'name': '株式会社 エスタイル', 'title': '【コウキシンが世界をカクシンする】AI・データサイエンスによって課題解決&価値提供を行います！様々なビジネスシーンで、DX化を加速させます！', 'established_at': 1151679600, 'employee_count': 63, 'company_features': ['カジュアル面談歓迎', '上場を目指す', '平均年齢20代', '残業少なめ'], 'logo_photo_url': 'https://www.green-japan.com/photo/546825'}","['https://www.green-japan.com/photo/711207', 'https://www.green-japan.com/photo/455080', 'https://www.green-japan.com/photo/727282']","◆業務例
データ活用を前提に、クライアントと密に連携をとりながら、データを収集・整理・管理したりするデータ活用基盤の設計・構築・運用・定着化させていきます。

■具体的には
・分析を前提としたデータベースの要件定義
・パブリッククラウド基盤(AWS/GCP)へのシステム構築
・DWHシステム開発
・技術動向の調査／検証
・データ分析基盤システム運用
・BIツールやダッシュボードの開発、運用
・データサイエンティスト・データアナリストへの技術的サポート
など

◆扱う製品例
・Google Cloud Platform
・CDP（TreasureData）
・Tealium
・AWS
・Azure
・Databricks　など",['東京都'],500,650,"['SQL', 'AWS', 'Azure', 'Google Cloud Platform', 'GCP']","['業界未経験歓迎', '週に1回以上のリモート', 'リモート勤務の相談可', 'クライアントワーク', '服装自由']",False,1755241114,True,"[{'id': 285940, 'title': '【リモートOK／残業15h未満】データエンジニア／データ基盤構築エンジニア／ワークライフバランス重視', 'name': 'データエンジニア／データ基盤構築エンジニア', 'min_salary': 400, 'max_salary': 600, 'areas': ['東京都'], 'photo_url': 'https://www.green-japan.com/photo/595235'}]",[],"['業界未経験歓迎', '週に1回以上のリモート']","{'photo_url': None, 'name': 'エスタイルのデータサイエンス事業', 'introduction': 'AIとDXを活用し、社会課題を解決するデータサイエンスを推進します。未経験者を積極採用し、「コウキシン」を重視するAI・データ活用事業です。'}","{'is_already_favorite_from_user': False, 'is_already_favorite_from_client': False, 'is_already_want_to_talk': False, 'is_already_want_to_meet': False}","{'can_apply': True, 'is_job_offer_closed': False, 'is_scout_received': False, 'message_thread_id': 0}"
236056,データ基盤エンジニア募集！クラウド移行プロジェクトに参画しませんか？,データ基盤エンジニア,"{'id': 7819, 'name': '株式会社 grasys', 'title': 'パブリッククラウドを用いて多様な顧客を課題解決に導く', 'established_at': None, 'employee_count': 48, 'company_features': [], 'logo_photo_url': 'https://www.green-japan.com/photo/561146'}","['https://www.green-japan.com/photo/561113', 'https://www.green-japan.com/photo/561116', 'https://www.green-japan.com/photo/561117']","■仕事内容
代表と共に、顧客の課題解決に技術面から積極的に参加していただきます。
このプロセスを通じて、様々な業界のビジネス課題を技術的に解決する経験を積むことができます。
その結果、技術応用の範囲が広げることができると考えています。
ぜひ私たちと一緒に、技術を活用して課題解決を行い、技術者として実現と貢献をしていきましょう。 

■エンジニアとして成長に必要な体験と経験ができる環境
エンジニアの成長に必要なものには体験と経験があると考えています。
grasysはその体験と経験に以下の要素が重要だと定義しています。

- 技術的リソース
    - 投入可能なコンピューティングリソース
    - ナレッジ
- プロジェクト
    - 実際に手を動かして対応できる環境
    - 実際の課題や問題解決
- メンターシップ
    - 周りのエンジニアとの活発な意見交換によるInput/Output
    - システムレビュー
    - 日頃からの技術的なコミュニケーション",['東京都'],400,700,"['Python', 'Docker']",[],False,1754553427,True,[],[],[],"{'photo_url': None, 'name': 'パブリッククラウド活用のWeb・データ基盤開発', 'introduction': 'パブリッククラウドを駆使しWebアプリとデータ基盤の開発を手掛けるチームです。スキル向上を支援する環境で、広範な技術習得の機会が豊富にあります。'}","{'is_already_favorite_from_user': False, 'is_already_favorite_from_client': False, 'is_already_want_to_talk': False, 'is_already_want_to_meet': False}","{'can_apply': True, 'is_job_offer_closed': False, 'is_scout_received': False, 'message_thread_id': 0}"
291176,【PM募集！】年商数億円の事業を支える！福岡D2C企業でAI×広告自動化システム開発！,バックエンド、フルスタック、プロジェクトマネージャー,"{'id': 10756, 'name': 'and roots 株式会社', 'title': 'D2CやWEBコンサルなど事業の多角化で社員のビジョン達成を支援する会社', 'established_at': 1346425200, 'employee_count': 170, 'company_features': ['カジュアル面談歓迎', '平均年齢20代', '自社サービス製品あり'], 'logo_photo_url': 'https://www.green-japan.com/photo/724408'}","['https://www.green-japan.com/photo/724277', 'https://www.green-japan.com/photo/724278', 'https://www.green-japan.com/photo/725504']","年商数百億、社員150名のグループ会社全体を技術面から支える少数精鋭のデータエンジニア組織です。「デジタル技術の専門家として、and rootsの1人ひとりが事業の本質と向き合える時間を創る」をチームミッションに、各社がより働きやすく、データドリブンな組織になるよう最新技術で課題解決を行います。

【チームの主な業務内容】
■データインジェスション・モデリング
グループ会社全体のデータを統合し、信頼性の高いデータ基盤を構築します。

■レポーティング・ダッシュボード開発
各社の意思決定を支える分析レポートと可視化ツールを提供します。

■DX推進・業務効率化
API連携による業務自動化システムの開発や、最新AIツールを活用した業務改善支援を行います。

【開発環境・技術スタック】
■フロント：React (Next.js)／Tailwind CSS
■バックエンド：Python (FastAPI)／Node.js (NestJS)
■データ基盤：BigQuery／dbt ／Supabase
■インフラ：GCP（Cloud Run, Cloud Functions, Cloud Storage, Netlify 他）
■CI/CD：GitHub Actions／Terraform
■コミュニケーション：Slack／Notion",['福岡県'],440,600,"['Python', 'Node.js', 'React', 'AWS', 'Azure', 'GCP']","['リモート勤務の相談可', '副業可', '急募求人', '転勤なし', '学歴不問', '服装自由']",False,1753492204,True,[],[],"['リモート勤務の相談可', '副業可']","{'photo_url': 'https://www.green-japan.com/photo/725438', 'name': '年商数百億のD2C企業をデータで動かす「データエンジニア組織」', 'introduction': '年商数百億のD2C企業を「データの力」で動かす少数精鋭組織。「最新AI技術」を駆使したデータ基盤構築から「全社DX推進」まで、最先端テクノロジーで事業成長を加速させます。'}","{'is_already_favorite_from_user': False, 'is_already_favorite_from_client': False, 'is_already_want_to_talk': False, 'is_already_want_to_meet': False}","{'can_apply': True, 'is_job_offer_closed': False, 'is_scout_received': False, 'message_thread_id': 0}"
258668,【データエンジニア】急成長のHRTech企業でAIとデータ基盤を駆使しDXをリードするデータエンジニアを募集,データエンジニア,"{'id': 6853, 'name': '株式会社 テックオーシャン', 'title': 'パナソニック、東京エレクトロン、AGCなど日本を代表する大手企業が導入する注目のHRTech企業', 'established_at': 1527778800, 'employee_count': 74, 'company_features': ['カジュアル面談歓迎', '上場を目指す', '自社サービス製品あり'], 'logo_photo_url': 'https://www.green-japan.com/photo/675527'}","['https://www.green-japan.com/photo/523494', 'https://www.green-japan.com/photo/693786', 'https://www.green-japan.com/photo/712044']","■株式会社テックオーシャンについて
弊社は、理系・テクノロジー人材と企業の出会いを支援するオファー型サービス「TECH OFFER」を主力サービスとして提供しています。学生のスキルや志向性を可視化し、企業と高精度にマッチングすることで、理系人材の可能性が正しく評価される環境を実現します。

現在、理系の就職活動の在り方は、技術系学生の特性に適しておらず、就活時のミスマッチによって年間約5億時間分の学習努力が社会に活かされないという構造的な課題があります。私たちは、若者の時間と努力を無駄にしない社会の仕組みを創るために、教育と採用の接続を再設計しています。

一人ひとりの学びが未来につながり、社会全体がより豊かになる——その未来をテクノロジーと仕組みの力で支える仲間が、今、テックオーシャンに集まっています。


プロダクトや組織の成長に伴い、社内外に散在するデータを横断的に活用する基盤整備が急務となっており、データ活用の土台をつくるデータエンジニアを募集します。

■具体的な業務内容
１，データ基盤構築・運用
これからさらに多角的な分析を行うための整備を進めていきます。本ポジションでは、ゼロベースでスケーラブルかつ再利用可能なデータ基盤を構築し、継続的に運用していただきます。

主な業務：
・各種SaaS（Salesforce、MAツール、Google Analytics、CS管理ツール等）やプロダクトDBからのデータ収集・統合
・データレイク、データウェアハウス、データマートの3層構造の設計・構築
・ETL/ELTパイプラインの構築・運用
・クラウドDWHへのスキーマ設計と最適化
・バッチ処理・スケジューラーの自動化および障害監視設計
・追加データのスムーズな取込に向けた拡張性の確保

２，データ品質の維持
構築した基盤は「つくって終わり」ではありません。日々の運用で発生するデータの変化やエラーへの対応、データ品質の維持向上が不可欠です。また、情報の一貫性・信頼性を担保し、社内で安心して活用される状態を目指します。

主な業務：
・データのクレンジング処理（形式統一・欠損補完・重複排除）
・スキーマバージョン管理・リネージ設計（どのデータがどこから来て、どう変換されたかを追える設計）
・データディクショナリやカタログの整備と運用
・データ利用権限やアクセスログの管理によるセキュリティ対策

３，社内連携・支援
社内では、マーケティング、セールス、プロダクトマネジメントなど、さまざまな部門がデータを必要としています。本ポジションでは「作ったデータをどう使ってもらうか」「どんな問いを解決できるか」という観点で支援・連携を行います。

主な業務：
・各部門からの「こんな分析がしたい」ニーズをヒアリングし、要件定義・マート設計
・BIツール導入・設計支援
・ダッシュボード作成やKPI定義の伴走
・PdM・マーケターと連携したABテストや行動分析の支援

【業務変更の範囲】
その他会社サービスおよび運営に関わる業務一式

【働き方について】
原則フルリモート",['東京都'],600,900,"['SQL', 'Python', 'Hadoop', 'Salesforce', 'Spark']","['業界未経験歓迎', 'フルリモート', '週に1回以上のリモート', 'リモート勤務の相談可', 'toC自社サービス', 'toB自社サービス', '転勤なし', '服装自由']",False,1755153372,True,[],[],"['業界未経験歓迎', 'フルリモート', '週に1回以上のリモート']","{'photo_url': None, 'name': '理工系学生向けリクルーティングサービス「TECH OFFER」', 'introduction': 'TECH OFFERは理工系学生に特化し、企業に求められる人材を効率よく集められます。大学研究室データとAIを活用し、理工系採用のDXを推進する画期的なサービスです。'}","{'is_already_favorite_from_user': False, 'is_already_favorite_from_client': False, 'is_already_want_to_talk': False, 'is_already_want_to_meet': False}","{'can_apply': True, 'is_job_offer_closed': False, 'is_scout_received': False, 'message_thread_id': 0}"
154493,【データエンジニア】ビッグデータ時代を支える分析基盤を創るデータエンジニアチームのリーダーを募集しています！,データエンジニア（リードエンジニア）※副業・リモート可！モダンな開発環境！【デジタルパートナー事業部】,"{'id': 3470, 'name': '株式会社 ビットエー', 'title': '「デジタル課題を解決し、企業のビジネス成長を加速する」ものづくりプロフェッショナル集団', 'established_at': 1309446000, 'employee_count': 196, 'company_features': ['カジュアル面談歓迎', '上場を目指す', 'グローバルに活動', '残業少なめ'], 'logo_photo_url': 'https://www.green-japan.com/photo/627895'}","['https://www.green-japan.com/photo/564610', 'https://www.green-japan.com/photo/571847', 'https://www.green-japan.com/photo/415651']","【ミッション】
－プロフェッショナルなチームでセカイを変える。－

テクノロジーは想像以上のスピードで進化しています。
これまでは、〈ビジネス領域〉に精通したリーダーが企業を牽引していくことがスタンダードでした。しかしながら、昨今テクノロジーやクリエイティブなどの〈専門領域〉に軸足を置いたリーダーが、新しいサービスを創造し、世界的企業に導くケースが多く生まれています。

私たちは、〈専門領域〉のプロフェッショナルとしてビジネス課題に向き合い、テクノロジーとクリエイティブから生み出されるアイデアで企業成長に寄与し、パートナーとして、ともに発展することを目指します。

【事業内容】
日本企業のIT人材不足に対し、ITのプロフェッショナルとしてクライアントのビジネスに大きく貢献する企業として年々存在感を強めるbitA。当方はbitAの中核であるデジタルパートナー事業部です。

デジタルパートナー事業部では、クライアントビジネスの検討段階から伴走し、課題の見極めからプロダクトのサービス設計、技術の選定、制作から運用、グロース支援まで一貫してソリューションを展開することで、クリエイティブ側からビジネス課題解決を行うボトムアップ型のビジネスモデルを実行しています。

ユーザーに本質的な価値を届け、サービスをグロースさせるところに特化しており、”クライアントに言われたものを作るのが仕事ではなく、クライアントの事業／Webサービスの成長を実現するのが我々の仕事である”という考えのもと、事業責任者／サービス責任者と共に膝を突き合わせながらコンセプトや施策を考え、実行・運用に落とし込む体制を提供することで評価を得てきました。

【職務内容】
デジタルパートナー事業部の”データエンジニア（リードエンジニア）”として、分析基盤の構築・運用やデータ活用プロジェクトの技術的リードを担っていただきます。
顧客の業種や課題に応じた最適なデータ基盤設計、データパイプラインの構築、データマートの整備など、幅広い領域での技術支援をお任せします。
※変更範囲：全ての業務への配置転換あり

【仕事内容の例】
以下のような業務を想定しています：
・クラウド環境（AWS/GCP/Azure等）におけるデータ分析基盤の設計・構築・運用
・ETL/ELT処理やデータパイプラインの設計・実装・改善
・分析用データマートやDWHの設計・実装・保守運用
・SQLによるデータ抽出・集計処理の開発
・BIツール導入・データ可視化支援
・チームの技術リード、コードレビュー、プロジェクト推進
・クライアントの要件整理、課題ヒアリング、提案支援

【主な取引先】※全体の9割が直案件
エイベックス / 三菱電機 /トラストバンク / キヤノンマーケティングジャパン / ユニクロ / パナソニック / カシオ計算機 /電通グループ / KADOKAWA / パーソルキャリア / デルフィス /日本経済新聞社 / 博報堂グループ / LINE 他、多数",['東京都'],600,1000,"['SQL', 'Python', 'AWS', 'Apache', 'Azure', 'GCP']","['週に1回以上のリモート', 'リモート勤務の相談可', '副業可', 'クライアントワーク', '急募求人', '転勤なし', '学歴不問', '服装自由', '採用枠5名以上', '多国籍な職場']",False,1755054825,True,"[{'id': 269193, 'title': '【BIエンジニア】企業のデータドリブンな意思決定を支えるBIエンジニアを募集しています！', 'name': 'BIエンジニア【デジタルパートナー事業部】', 'min_salary': 550, 'max_salary': 900, 'areas': ['東京都'], 'photo_url': 'https://www.green-japan.com/photo/309006'}]",[],"['週に1回以上のリモート', '副業可']","{'photo_url': 'https://www.green-japan.com/photo/648190', 'name': 'デジタルパートナー事業部', 'introduction': '大手クライアントのデジタル領域の課題を解決するためのソリューションを提供する事業。CLの事業担当者と膝を突き合わせて議論しながら、事業課題を解決するための設計/実装を行う'}","{'is_already_favorite_from_user': False, 'is_already_favorite_from_client': False, 'is_already_want_to_talk': False, 'is_already_want_to_meet': False}","{'can_apply': True, 'is_job_offer_closed': False, 'is_scout_received': False, 'message_thread_id': 0}"
293113,【大阪】データ活用を推進！データエンジニア（Python/AWS/SQL）◆分析基盤構築・運用経験者募集,【大阪】データ分析基盤を支えるデータエンジニア（Python/SQL/クラウド）,"{'id': 7528, 'name': 'ワークスアイディ 株式会社', 'title': '人とテクノロジーのチカラで“働くをデザインする”会社', 'established_at': 930754800, 'employee_count': 1538, 'company_features': ['カジュアル面談歓迎', '上場を目指す', '残業少なめ'], 'logo_photo_url': None}","['https://www.green-japan.com/photo/710236', 'https://www.green-japan.com/photo/710235', 'https://www.green-japan.com/photo/577523']","ワークスアイディでは、様々なプロジェクトで大量のデータを活用した分析やサービス開発が活発に進んでいます。これらのプロジェクトの成功を、データ基盤の専門家として支えるのがデータエンジニアの役割です。

データエンジニアの仕事は、単にデータを処理するだけではありません。お客様のビジネスニーズを理解し、その実現に必要なデータ環境を設計・構築し、運用していくことで、「データドリブンな意思決定」を強力に支援します。

【具体的な業務内容】
あなたのミッションは、データ活用の最前線で、データ基盤の設計・構築・運用を通じてお客様のビジネスを加速させることです。幅広い業務を通じて、最先端のデータ技術とビジネス貢献のスキルを身につけることができます。

１．データ収集・抽出
お客様のビジネスに必要なデータを、多様なソース（データベース、API、ファイルなど）から効率的に収集・抽出します。SQLだけでなく、各データベースの特性を理解した最適な方法でデータにアクセスします。リアルタイムデータの処理パイプライン構築も行います。

２．データクリーニング・品質向上
抽出されたデータは、分析に適さないことがほとんどです。欠損値の補完、異常値の検出と処理、データの標準化・正規化、重複データの排除などを行い、データの品質を向上させます。データの整合性や正確性を確保するための検証ルール設計・実装も担当します。

３．データ変換・加工（ETL/ELT）
収集・クリーニングされたデータを、分析やサービス開発に適した形式に変換・加工します。データの構造化、正規化・非正規化、集計などを行います。Python（Pandasなど）やDWH/ETLツール（Redshift, BigQueryなど）を活用し、効率的なデータパイプラインを構築します。

４．データ格納・管理
加工されたデータを、データウェアハウス（Redshift, BigQuery）やデータレイク（Amazon S3など）といった最適な場所に格納し、効率的に管理します。データの検索性能向上や容量効率化のための最適化、データガバナンス（品質、セキュリティ、プライバシー確保）も行います。

５．データモデリング・データベース設計
ビジネス要件を深く理解し、データの構造を設計し、最適なデータベースを構築します。論理・物理データモデルの設計、リレーショナルデータベース（MySQL, PostgreSQLなど）のテーブル設計、データウェアハウス（スター・スキーマなど）やデータマートの設計を行います。

これらの業務を通して、お客様のデータ基盤を強化し、「データに基づいた意思決定」を強力に支援していきます。

【環境】
OS: Linux (CentOS, Ubuntuなど)
プログラミング言語: Python
データベース: SQL、PostgreSQL, MySQL, Redshift, BigQuery
クラウド環境: AWS, Azure, GCP",['大阪府'],420,700,[],"['転勤なし', '学歴不問']",False,1754124022,True,[],[],[],"{'photo_url': 'https://www.green-japan.com/photo/728345', 'name': 'DX/AI・データ活用支援、ビジネスプロセス改革、デジタル人材育成', 'introduction': 'お客様のDX・AI・データ活用における戦略立案から開発、運用まで一貫支援。ビジネス変革を推進し、新たな価値を創造します。'}","{'is_already_favorite_from_user': False, 'is_already_favorite_from_client': False, 'is_already_want_to_talk': False, 'is_already_want_to_meet': False}","{'can_apply': True, 'is_job_offer_closed': False, 'is_scout_received': False, 'message_thread_id': 0}"
293435,データ分析基盤エンジニア｜Data Platform Engineer,データ分析基盤エンジニア｜Data Platform Engineer,"{'id': 9385, 'name': '株式会社 アクセルスペースホールディングス', 'title': 'フィールドは世界。2008年創業、日本における宇宙ビジネスのパイオニア! 宇宙開発ベンチャー', 'established_at': 1217516400, 'employee_count': 120, 'company_features': ['カジュアル面談歓迎', '上場を目指す', '自社サービス製品あり', 'グローバルに活動'], 'logo_photo_url': None}","['https://www.green-japan.com/photo/541803', 'https://www.green-japan.com/photo/541569', 'https://www.green-japan.com/photo/518467']","■業務概要
データソリューションユニットでは、データ基盤の構築と運用を推進するポジションを募集しています。このポジションは、企業グループ全体のデータ活用戦略を推進し、データの収集、保管、処理、分析のためのインフラストラクチャをIntegration部分も含めて、設計・構築・管理します。ビジネスの意思決定をサポートするために、信頼性が高くスケーラブルなデータ基盤を提供することを目的としています。

■職務内容
・データ基盤の設計・構築・運用業務
・データ収集システム、ETLプロセス、BIツールの開発および運用
・ユーザー部門へのビジネス要件のヒアリング
・ビジネス要件に基づいたデータウェアハウスおよびデータマートの構築
・データ品質、データ整合性の保証
・データベース管理システムの選定・導入・運用
・データセキュリティおよびプライバシー保護の確立と遵守
・業界の最新技術動向の把握と導入の検討",['東京都'],500,750,"['SQL', 'Python', 'R', 'AWS', 'Azure']","['フルリモート', '週に1回以上のリモート', 'リモート勤務の相談可', 'フレックスタイム', 'toB自社サービス', '急募求人', '服装自由', '多国籍な職場']",False,1754652668,True,[],[],"['フルリモート', '週に1回以上のリモート', 'フレックスタイム']","{'photo_url': None, 'name': '超小型衛星による高頻度地球モニタリングサービス', 'introduction': 'AxelGlobeは高頻度で地球をモニタリングし、新しいインフラを提供します。小型衛星によるデータを活用し、宇宙を手の届く存在にするビジョンを持っています。'}","{'is_already_favorite_from_user': False, 'is_already_favorite_from_client': False, 'is_already_want_to_talk': False, 'is_already_want_to_meet': False}","{'can_apply': True, 'is_job_offer_closed': False, 'is_scout_received': False, 'message_thread_id': 0}"
292390,GMOメディアのビジネス戦略から携わるデータサイエンティスト・データエンジニア募集！,"データサイエンティスト,データエンジニア","{'id': 2560, 'name': 'ＧＭＯメディア 株式会社', 'title': 'For your Smile,with Internet. ', 'established_at': 970326000, 'employee_count': 175, 'company_features': ['カジュアル面談歓迎', '上場', '自社サービス製品あり'], 'logo_photo_url': None}","['https://www.green-japan.com/photo/449729', 'https://www.green-japan.com/photo/614735', 'https://www.green-japan.com/photo/449464']","GMOメディアでは、多種多様な事業ドメインとサービスを展開しており、それぞれの事業におけるデータの重要性はますます高まっています。

現在、全社横断のデータ活用を推進する専門組織として「AIデータ推進チーム」が発足し、社内外の多様なデータを利活用する基盤と体制の整備を進めています。

このチームでは、事業ごとに分散していた分析やデータ基盤の取り組みを一元化・高度化し、より戦略的かつ継続的にデータ価値を引き出すことを目指しています。

さらなる組織強化のため、「データエンジニアとして専門性を発揮いただける新たな仲間」を募集しています。

【業務内容】
GMOメディアの各事業を横断して支援するAIデータ推進チームの一員として、以下のような業務を担っていただきます。希望・適性・経験に応じて業務内容は調整します。

■ データエンジニアリング
● 各サービスにおけるデータ基盤の構築・運用（DWH, ETL/ELTなど）
●  計測環境・トラッキング基盤の設計・整備
● データパイプラインおよびワークフローの設計・実装・運用
● AWS / GCP 等を活用したアーキテクチャ設計と保守

■ 分析支援・サービス改善
● BigQuery 等を活用した大量データ処理
● サービスやプロダクト改善に向けたデータ分析・可視化
● 施策立案に向けたレポーティングやダッシュボード作成
● A/B テストや仮説検証の設計・実行支援
● データに基づく意思決定を支援する業務プロセス改善

データ基盤の構築・運用だけでなく、ビジネス部門との連携を通じた業務プロセスの改善提案や経営層への直接提言など、事業インパクトの大きい業務に直接関わっていただきます。

「データを軸に、ビジネスにおける課題解決や価値創造に貢献する」ことをミッションにしています。エンジニアリングから分析、業務改善提案までを一気通貫で担い、プロダクト・マーケティング・経営など幅広い部門と連携しています。

現在は、全社横断でのデータ基盤の整備や活用の高度化を進めており、さらなるスケールと挑戦のフェーズに入っています。特に、BigQuery 等を活用した AI エージェント開発など、実践的な AI 活用にも着手。業務プロセスの自動化やサービスの知能化を具体的に推進しています。

今後はこうした AI の力をより広く取り入れながら、AI 時代のデータ利活用において新たな価値を創出したい方を強く歓迎します。“単なるPoCではなく、本番環境で価値を生む” ことにこだわったチャレンジに一緒に取り組みませんか？

事業に直結するデータ活用を全社横断で推進していくダイナミックな環境で、AI時代のデータ利活用の在り方を一緒に切り拓いていきませんか？",['東京都'],552,800,"['SQL', 'Python', 'AWS', 'GCP']","['週に1回以上のリモート', 'フレックスタイム', 'toC自社サービス', 'toB自社サービス', '転勤なし', '学歴不問', '服装自由']",False,1753779583,True,[],[],"['週に1回以上のリモート', 'フレックスタイム']","{'photo_url': 'https://www.green-japan.com/photo/728703', 'name': '企業と顧客の距離をぐっと近づける「GMOリピータス」', 'introduction': 'GMOリピータスは、企業の独自ポイントサイト構築を支援するCRMです。20年以上のノウハウで施策提案や顧客分析を行い、訪問率・売り上げの向上をサポートしています。'}","{'is_already_favorite_from_user': False, 'is_already_favorite_from_client': False, 'is_already_want_to_talk': False, 'is_already_want_to_meet': False}","{'can_apply': True, 'is_job_offer_closed': False, 'is_scout_received': False, 'message_thread_id': 0}"
280838,【製造業×DX支援のAIスタートアップ】データエンジニア募集！,【技術開発部】データエンジニア,"{'id': 8646, 'name': '株式会社 VRAIN Solution', 'title': '大手製造業を中心に導入実績多数。国内AI関連で上位の実績を誇るAIベンチャー企業', 'established_at': 1582988400, 'employee_count': 97, 'company_features': ['カジュアル面談歓迎', '上場', '自社サービス製品あり', 'シェアトップクラス'], 'logo_photo_url': 'https://www.green-japan.com/photo/553501'}","['https://www.green-japan.com/photo/492366', 'https://www.green-japan.com/photo/492370', 'https://www.green-japan.com/photo/491768']","主要サービスである画像処理・アルゴリズム開発事業のデータエンジニアとして下記業務をお任せします。

業務内容

機械学習基盤の新バージョン構築・運用・保守（最初は社内向け、将来的にサービス化を検討）
蓄積された大量の画像データの適切な管理・整理・最適化
データ管理・機械学習システムのUI/UX改善および機能追加
アップロードされたデータ・AIモデルの確認、再学習ワークフローの最適化・自動化",['東京都'],600,900,[],"['toB自社サービス', '急募求人', '転勤なし', '学歴不問']",False,1754467238,True,[],[],[],"{'photo_url': 'https://www.green-japan.com/photo/673072', 'name': '製造業向けAIソリューションの提供', 'introduction': '【プロダクト開発事業】（自社プロダクト：Phoenix）【コンサルティング事業】（製造現場のDX支援をするための画像処理／音声認識／自然言語処理／需要予測／IoTなど）'}","{'is_already_favorite_from_user': False, 'is_already_favorite_from_client': False, 'is_already_want_to_talk': False, 'is_already_want_to_meet': False}","{'can_apply': True, 'is_job_offer_closed': False, 'is_scout_received': False, 'message_thread_id': 0}"
289920,データ活用の新たな価値を生み出す「CDP構築プロジェクト」の中核メンバーとして、構想フェーズから実装・運用までを牽引するデータエンジニア／テックリード,※CTO候補※マーケ支援会社のデータエンジニア／テックリード【安定した事業基盤のもと、裁量を持ってゼロイチに挑戦したい方】,"{'id': 3244, 'name': 'アナグラム 株式会社', 'title': '真に価値のあるマーケティングで、豊かな社会を創造する。運用型広告を強みとするマーケティング支援会社。', 'established_at': 1270047600, 'employee_count': 120, 'company_features': ['平均年齢20代', '自社サービス製品あり', '残業少なめ'], 'logo_photo_url': 'https://www.green-japan.com/photo/531020'}","['https://www.green-japan.com/photo/720632', 'https://www.green-japan.com/photo/720634', 'https://www.green-japan.com/photo/720635']","【こんな思いを抱えていませんか？】

- 単なるログ整備やETLの繰り返しに終始していて、もっと上流から設計したい
- 部分的な役割しか担えず、結局活用されないデータ基盤づくりに虚しさを感じる
- 技術選定に意見を言える立場で働きたい
- 自分の成果がビジネスに貢献している実感を持ちたい
- 経営に近いところで技術を活かしたい

私たちは、そんな欲求が活かされる場を提供できると考えています。

【仕事内容】
- クライアント各社が保有する購買・行動データを集約し、広告施策に活かせるCDPを構築（ゼロイチ設計）
- BigQuery・Lookerを用いたデータ基盤およびBI環境の整備
- 広告プラットフォームとのデータ連携機能の開発
- データパイプラインやデータベースなどのインフラアーキテクチャの設計及び開発

【期待する役割】
データ活用の新たな価値を生み出す「CDP構築プロジェクト」の中核メンバーとして、構想フェーズから実装・運用までをリードしていただきます。
今はまだ完成されたシステムがあるわけではなく、ゼロイチで“これからつくる”フェーズです。
私たちが描くのは、広告やマーケティング支援の現場で直接役立つ、クライアントごとのLTV最適化を見据えたCDP基盤。
最初のテックリードエンジニアポジションとして、技術的意思決定やデータの扱い方そのものを形にしていく役割を担っていただきます。
将来的には、内製化を見据えたチームビルドや後進育成にも関わっていただくことを想定しています。

【なぜ、広告会社がテックリードエンジニアを求めるのか】

「広告を“必要なユーザーに届ける工夫”にとどめず、クライアントのビジネス成長を後押しする武器として進化させたい」という想いがあります。

その鍵を握るのが、広告運用の枠外に眠っている膨大な1st partyデータ(自社で保有・取得した顧客接点の一次データ）です。

広告の現場で日々使われているのは、媒体が提供する配信データ（例：MetaやGoogleなどの広告プラットフォーム上のクリック率や、問い合わせ／購入といった特定の行動への転換率など）が中心です。

しかし実際には、購買やリピートの履歴、会員属性、購入継続期間、実店舗やサービス窓口への来店・来訪履歴、Web上の行動ログ、といった、より長期的な文脈を持つ顧客接点データがクライアントの社内に存在しています。

これらを活用できれば、「誰に」「何を」「どのように」届けるべきかという広告設計の精度は、飛躍的に高められます。

──ですが、多くの企業において、それらのデータは部門間で分断され、未整備のまま埋もれた鉱脈のように眠っていることもしばしば。
ビジネスの武器になり得る資源でありながら、広告運用の現場に届くことは多くありません。

私たち広告運用者が直接そのデータを扱えるわけでもなく、広告主の立場であっても、どのように広告施策に活かせるかまでは見通しを持ちにくいまま、活かしきれずにいるケースも少なくないのです。

この分断と未活用のデータをつなぎ、広告に活かせる形に“翻訳”するのが、テックリードエンジニアの役割です。

たとえば：

- CRM（顧客管理システム）やPOS（購買データ）と広告媒体のデータを突合し、「LTV（顧客生涯価値＝顧客が長期的にもたらす利益）の高い顧客像」に向けた配信最適化を実現する
- 複数ソースを統合したダッシュボードで、広告の短期的成果だけでなく、中長期の顧客育成指標も可視化する
- データ処理の自動化や設計の汎用化によって、他プロジェクトにも転用できる“基盤”をつくる

といったかたちで、暗躍的にプロジェクトの背骨を支える存在です。

アナグラムでは、広告運用者・デザイナーと連携し、現場の声を吸い上げながら、CDP構築の意思決定と実行に直接影響を与えるポジションとして、テックリードエンジニアを迎えたいと考えています。

「広告会社のエンジニア」としてではなく、「ビジネスにデータで挑む技術者」として、自由度の高い挑戦ができます。",['東京都'],1000,0,"['SQL', 'AWS', 'GCP']","['業界未経験歓迎', '週に1回以上のリモート', '副業可', 'フレックスタイム', '転勤なし', '学歴不問', '服装自由']",False,1752125752,True,"[{'id': 289927, 'title': '【テックリードエンジニアの求人についてちょっと話をきいてみたい方向け】何のために広告代理店がCDP構築を進めているの？代表・小山と気軽に詳しく双方向でお話いただくための場をご案内しています', 'name': '【代表・小山とのカジュアル面談】まずはデータエンジニア／テックリードの仕事内容について話をきく／「広告会社のエンジニア」ではなく、「ビジネスにデータで挑む技術者」として自由度の高い挑戦がしたい方へ', 'min_salary': 1000, 'max_salary': 0, 'areas': ['東京都'], 'photo_url': 'https://www.green-japan.com/photo/720646'}]",[],"['業界未経験歓迎', '週に1回以上のリモート', '副業可', 'フレックスタイム']","{'photo_url': 'https://www.green-japan.com/photo/720636', 'name': '1st partyデータを活用した広告基盤構築プロジェクト', 'introduction': '広告配信データだけでなく、社内に眠る顧客接点データを統合し、“使える”データ基盤を整えるプロジェクトです。社長直下のチームで、その中核を担うエンジニアを募集しています。'}","{'is_already_favorite_from_user': False, 'is_already_favorite_from_client': False, 'is_already_want_to_talk': False, 'is_already_want_to_meet': False}","{'can_apply': True, 'is_job_offer_closed': False, 'is_scout_received': False, 'message_thread_id': 0}"
173246,【データ基盤構築エンジニア】福利厚生サービス「ベネフィット・ステーション」を提供する当社が次に挑む人事DXを実現するためのデータ活用プラットフォームエンジニア募集／フレックスタイム／リモート勤務併用可能,データ基盤構築エンジニア,"{'id': 3605, 'name': '株式会社 ベネフィット・ワン', 'title': '福利厚生サービス「ベネフィット・ステーション」運営企業、人事DXプラットフォーム企業へ成長を牽引するエンジニア積極採用中', 'established_at': 825606000, 'employee_count': 1192, 'company_features': ['カジュアル面談歓迎', '自社サービス製品あり', 'シェアトップクラス', 'グローバルに活動'], 'logo_photo_url': 'https://www.green-japan.com/photo/628751'}","['https://www.green-japan.com/photo/483904', 'https://www.green-japan.com/photo/483903', 'https://www.green-japan.com/photo/648038']","ベネフィット・ワンが保有する各サービスプロダクトにおける従業員情報およびベネフィット・ステーションの実績情報について、データ基盤を共通化し、データドリブンな意思決定を推進する基盤の構築をお任せします。				
■大規模なデータの分析に最適なプラットフォームの構想・設計（構築・運用）と実装計画の立案				
■SQLなどのデータ操作言語を用いたデータ抽出・加工、データベースの管理やテーブル設計				
■データマートの作成				
■データ関連組織のプロジェクトマネジメント",['東京都'],500,1200,['SQL'],"['週に1回以上のリモート', 'リモート勤務の相談可', '副業可', 'フレックスタイム', 'toC自社サービス', 'toB自社サービス', '急募求人', '転勤なし', '学歴不問', '服装自由']",False,1755216394,True,[],[],"['週に1回以上のリモート', '副業可', 'フレックスタイム']","{'photo_url': None, 'name': '人事のDXを推進する『ベネワン・プラットフォーム』', 'introduction': '従業員データを活用し、人事部のDXを実現する画期的なプラットフォームです。健康状態やパフォーマンスに基づき、最適なサービスを自動提供する未来を目指します。'}","{'is_already_favorite_from_user': False, 'is_already_favorite_from_client': False, 'is_already_want_to_talk': False, 'is_already_want_to_meet': False}","{'can_apply': True, 'is_job_offer_closed': False, 'is_scout_received': False, 'message_thread_id': 0}"
288436,【リモート・時差勤務・副業可】マイナビが保有する各種サービスのデータを起点とした横断的なデータ利活用の施策を立案から実行まで全て担えます◎単一サービスで物足りなさを感じている方、ぜひお話しませんか？,【リモート・時差・副業可】データマーケター,"{'id': 4234, 'name': '株式会社 マイナビ', 'title': '人々の「日常生活に当たり前の存在」をめざす総合情報サービス企業', 'established_at': 112978800, 'employee_count': 12400, 'company_features': ['カジュアル面談歓迎', '自社サービス製品あり', 'シェアトップクラス'], 'logo_photo_url': 'https://www.green-japan.com/photo/672920'}","['https://www.green-japan.com/photo/731626', 'https://www.green-japan.com/photo/611152', 'https://www.green-japan.com/photo/672862']","＜業務詳細＞
マイナビの各種サービスのユーザーデータ可視化や、横断的なデータ活用の企画立案、環境構築をご担当いただきます。

マイナビでは進学情報、就職情報、転職情報など、様々なサービスを提供してきたものの、ユーザーデータなどは各サービスごとに管理されており、サービスを跨いだデータの利活用は出来ていない状況でした。
しかしながら、ユーザーにとって新たな価値提供を進めていくためにも、また、マイナビが掲げる「一人ひとりの可能性と向き合い、未来が見える世界を作る。」というパーパスの実現のためにも、点でのタッチポイントではなく線のタッチポイントを創出すべく、マイナビが保有する各種サービスのデータを起点とした施策を検討し、実行していきたいと考えております。

◆具体的に担当いただきたい内容
＜マーケティング各種データの集約・可視化の基盤構築＞
GoogleAnalyticsや各種広告レポートなどをもとに、全社的なマーケティング分析の基盤構築、運用をご担当いただきます。

＜CDP基盤構築＞
サービス単体でのデータ施策にとどまらず、さらなるユーザーへの価値提供のため、サービス、事業部の枠を超えたデータ活用施策の立案に携わっていただきます。具体的には、CDP基盤の構築、全社横断のマーケティング施策の立案、ユーザー行動・属性の分析、データ利用規約の調整などになります。

＜事業部横断のマーケティング基盤・ルール整備＞
アドフラウドツールの導入・促進、CMPツールの導入・促進、ユーザーデータの取り扱いに関する社内ルール整備などを行います。

<チームのミッション（目指している方向性）>
組織横断的チームの一員として、各サービスの課題を発見し、データ・デジタル技術を用いて解決する実行力のある組織を目指しています。
マーケティングテクノロジーを用いてユーザー体験を高めることをミッションとしています。

＜本ポジションにて従事する社員のご紹介＞
『マイナビバイト』『マイナビ20××』『マイナビ転職』各領域の現状と展望",['東京都'],450,700,"['SQL', 'GCP']","['業界未経験歓迎', '週に1回以上のリモート', 'リモート勤務の相談可', '副業可', 'toC自社サービス', 'toB自社サービス', '急募求人', '学歴不問', '服装自由']",False,1754992947,True,"[{'id': 284800, 'title': '【リモート・時差勤務・副業可】マイナビ社内データ利活用向上に向けて""denodoプラットフォーム""の運用ならびにポリシー作成をお任せいたします！データ活用に対する思いを全社に反映出来ます◎', 'name': '【リモート・時差・副業可】データ仮想基盤の運用担当', 'min_salary': 450, 'max_salary': 700, 'areas': ['東京都'], 'photo_url': 'https://www.green-japan.com/photo/672864'}, {'id': 278031, 'title': '【リモート・時差勤務・副業可】マイナビのビックデータを活用して、全事業部横断でのデータ基盤構築に携わりませんか？人材業界のドメイン知識も豊富に得られます◎', 'name': '【リモート・時差・副業可】事業横断データエンジニア', 'min_salary': 450, 'max_salary': 700, 'areas': ['東京都'], 'photo_url': 'https://www.green-japan.com/photo/648817'}]",[],"['業界未経験歓迎', '週に1回以上のリモート', '副業可']","{'photo_url': 'https://www.green-japan.com/photo/647081', 'name': '【マイナビ20××/転職/バイトetc.】総合キャリア支援プラットフォーム事業', 'introduction': '就職や転職、進学、アルバイトなどに関する情報を提供し、より良いキャリア構築を支援します。多様なサービスを通じて利用者に優れたキャリア支援を提供するプラットフォームです。'}","{'is_already_favorite_from_user': False, 'is_already_favorite_from_client': False, 'is_already_want_to_talk': False, 'is_already_want_to_meet': False}","{'can_apply': True, 'is_job_offer_closed': False, 'is_scout_received': False, 'message_thread_id': 0}"
288107,【中国・四国勤務】【エキスパート / リード経験者歓迎】リクルートグループにおけるデータ利活用を推進するBIエンジニア,【中国・四国勤務】【エキスパート / リード経験者歓迎】リクルートグループにおけるデータ利活用を推進するBIエンジニア,"{'id': 2148, 'name': '株式会社 ニジボックス', 'title': 'リクルートグループのUI UXデザイン会社', 'established_at': 1288537200, 'employee_count': 297, 'company_features': ['カジュアル面談歓迎', '残業少なめ'], 'logo_photo_url': 'https://www.green-japan.com/photo/533625'}","['https://www.green-japan.com/photo/307872', 'https://www.green-japan.com/photo/295337']","リクナビ、ホットペッパー、Airなど幅広い事業領域のサービスから日々膨大に蓄積されているリクルートグループのデータ。その中でデータドリブンな意思決定支援を実現するために、ソフトウェア・エンジニアリングの手法を活用しながら、信頼性・作業効率性の高いデータ環境の整備や BI ダッシュボードの開発などを推進します。

【BIダッシュボードの設計・最適化】
・数百万〜数千万件のデータを扱うダッシュボードをTableau/Looker(Looker Studio)などのBIツールで構築
・経営層やビジネス部門が日々の意思決定に使うため、パフォーマンス最適化（クエリ負荷軽減、キャッシュ制御）やUX設計が求められる
例：Tableau Cloud経由でBigQueryに発行されるクエリの最適化、ビューのキャッシュ制御による負荷軽減

【BigQueryを用いたデータマートの構築・運用】
・サービスで扱うデータだけでなく、顧客接点や営業、外部のデータなど、分析に活用できるデータを収集して、利用できるように加工して提供
・Webログ、広告、CRMなど複数のデータソースを統合し、分析しやすく・高速に動作するデータマートを設計、開発
・dbtやdataformなど、transformationツールを使ったチーム開発が求められる

【データの利便維持と品質管理のためのデータマネジメント」
・TB〜PB級のデータのセキュリティやメタデータ管理をするためのデータマネジメントのスキルが求められる
・データマートの要件やロジックを考慮したデータテストを実施し、高品質なデータ分析環境を提供する","['鳥取県', '島根県', '岡山県', '広島県', '山口県', '徳島県', '香川県', '愛媛県', '高知県']",625,814,"['SQL', 'AWS', 'Azure', 'GCP']","['職種未経験歓迎', '業界未経験歓迎', '週に1回以上のリモート', 'リモート勤務の相談可', '副業可', 'フレックスタイム', 'クライアントワーク', '転勤なし', '学歴不問', '服装自由', '採用枠5名以上']",False,1754990527,True,"[{'id': 288128, 'title': '【東海勤務】【経験者歓迎】リクルートグループのアクセスログの活用を推進するアナリティクスエンジニア / BIエンジニア', 'name': '【東海勤務】【経験者歓迎】リクルートグループのアクセスログの活用を推進するアナリティクスエンジニア / BIエンジニア', 'min_salary': 512, 'max_salary': 743, 'areas': ['愛知県', '岐阜県', '静岡県'], 'photo_url': 'https://www.green-japan.com/photo/307872'}, {'id': 263093, 'title': 'リクルートグループ案件におけるアナリティクスエンジニア / BIエンジニア', 'name': '【ポテンシャル歓迎】リクルートグループのアクセスログの活用を推進するアナリティクスエンジニア / BIエンジニア', 'min_salary': 420, 'max_salary': 625, 'areas': ['東京都'], 'photo_url': 'https://www.green-japan.com/photo/307872'}, {'id': 281645, 'title': '【中国・四国勤務】リクルートグループ案件におけるデータエンジニア/BIエンジニア', 'name': '【中国・四国勤務】【経験者歓迎】リクルートグループにおけるデータ利活用を推進するBIエンジニア', 'min_salary': 512, 'max_salary': 743, 'areas': ['鳥取県', '島根県', '岡山県', '広島県', '山口県', '徳島県', '香川県', '愛媛県', '高知県'], 'photo_url': 'https://www.green-japan.com/photo/307872'}, {'id': 288117, 'title': '【北海道/札幌勤務】【エキスパート / リード経験者歓迎】リクルートグループのアクセスログの活用を推進するアナリティクスエンジニア / BIエンジニア', 'name': '【北海道/札幌勤務】【エキスパート / リード経験者歓迎】リクルートグループのアクセスログの活用を推進するアナリティクスエンジニア / BIエンジニア', 'min_salary': 625, 'max_salary': 814, 'areas': ['北海道'], 'photo_url': 'https://www.green-japan.com/photo/307872'}, {'id': 288124, 'title': '【経験者歓迎】リクルートグループのアクセスログの活用を推進するアナリティクスエンジニア / BIエンジニア', 'name': '【経験者歓迎】リクルートグループのアクセスログの活用を推進するアナリティクスエンジニア / BIエンジニア', 'min_salary': 512, 'max_salary': 743, 'areas': ['東京都'], 'photo_url': 'https://www.green-japan.com/photo/307872'}, {'id': 288127, 'title': '【北陸/甲信越勤務】【経験者歓迎】リクルートグループのアクセスログの活用を推進するアナリティクスエンジニア / BIエンジニア', 'name': '【北陸/甲信越勤務】【経験者歓迎】リクルートグループのアクセスログの活用を推進するアナリティクスエンジニア / BIエンジニア', 'min_salary': 512, 'max_salary': 743, 'areas': ['新潟県', '富山県', '石川県', '福井県', '山梨県', '長野県'], 'photo_url': 'https://www.green-japan.com/photo/307872'}, {'id': 281639, 'title': '【東北勤務】リクルートグループ案件におけるデータエンジニア/BIエンジニア', 'name': '【東北勤務】【経験者歓迎】リクルートグループにおけるデータ利活用を推進するBIエンジニア', 'min_salary': 512, 'max_salary': 743, 'areas': ['青森県', '岩手県', '宮城県', '秋田県', '山形県', '福島県'], 'photo_url': 'https://www.green-japan.com/photo/307872'}, {'id': 288118, 'title': '【東北勤務】【エキスパート / リード経験者歓迎】リクルートグループのアクセスログの活用を推進するアナリティクスエンジニア / BIエンジニア', 'name': '【東北勤務】【エキスパート / リード経験者歓迎】リクルートグループのアクセスログの活用を推進するアナリティクスエンジニア / BIエンジニア', 'min_salary': 625, 'max_salary': 814, 'areas': ['青森県', '岩手県', '宮城県', '秋田県', '山形県', '福島県'], 'photo_url': 'https://www.green-japan.com/photo/307872'}, {'id': 281640, 'title': '【東海勤務】リクルートグループ案件におけるデータエンジニア/BIエンジニア', 'name': '【東海勤務】【ポテンシャル歓迎】リクルートグループにおけるデータ利活用を推進するBIエンジニア', 'min_salary': 420, 'max_salary': 625, 'areas': ['愛知県', '岐阜県', '静岡県'], 'photo_url': 'https://www.green-japan.com/photo/307872'}, {'id': 288122, 'title': '【中国・四国勤務】【エキスパート / リード経験者歓迎】リクルートグループのアクセスログの活用を推進するアナリティクスエンジニア / BIエンジニア', 'name': '【中国･四国勤務】【エキスパート / リード経験者歓迎】リクルートグループのアクセスログの活用を推進するアナリティクスエンジニア / BIエンジニア', 'min_salary': 625, 'max_salary': 814, 'areas': ['鳥取県', '島根県', '岡山県', '広島県', '山口県', '徳島県', '香川県', '愛媛県', '高知県'], 'photo_url': 'https://www.green-japan.com/photo/307872'}, {'id': 281641, 'title': '【東海勤務】リクルートグループ案件におけるデータエンジニア/BIエンジニア', 'name': '【東海勤務】【経験者歓迎】リクルートグループにおけるデータ利活用を推進するBIエンジニア', 'min_salary': 512, 'max_salary': 743, 'areas': ['愛知県', '岐阜県', '静岡県'], 'photo_url': 'https://www.green-japan.com/photo/307872'}, {'id': 288119, 'title': '【北陸/甲信越勤務】【エキスパート / リード経験者歓迎】リクルートグループのアクセスログの活用を推進するアナリティクスエンジニア / BIエンジニア', 'name': '【北陸/甲信越勤務】【エキスパート / リード経験者歓迎】リクルートグループのアクセスログの活用を推進するアナリティクスエンジニア / BIエンジニア', 'min_salary': 625, 'max_salary': 814, 'areas': ['新潟県', '富山県', '石川県', '福井県', '山梨県', '長野県'], 'photo_url': 'https://www.green-japan.com/photo/307872'}, {'id': 288120, 'title': '【東海勤務】【エキスパート / リード経験者歓迎】リクルートグループのアクセスログの活用を推進するアナリティクスエンジニア / BIエンジニア', 'name': '【東海勤務】【エキスパート / リード経験者歓迎】リクルートグループのアクセスログの活用を推進するアナリティクスエンジニア / BIエンジニア', 'min_salary': 625, 'max_salary': 814, 'areas': ['愛知県', '岐阜県', '静岡県'], 'photo_url': 'https://www.green-japan.com/photo/307872'}, {'id': 288129, 'title': '【関西勤務】【経験者歓迎】リクルートグループのアクセスログの活用を推進するアナリティクスエンジニア / BIエンジニア', 'name': '【関西勤務】【経験者歓迎】リクルートグループのアクセスログの活用を推進するアナリティクスエンジニア / BIエンジニア', 'min_salary': 512, 'max_salary': 743, 'areas': ['大阪府', '兵庫県', '京都府', '滋賀県', '奈良県', '和歌山県'], 'photo_url': 'https://www.green-japan.com/photo/307872'}, {'id': 288053, 'title': '【北海道 / 札幌勤務】【エキスパート / リード経験者歓迎】リクルートグループにおけるデータ利活用を推進するBIエンジニア', 'name': '【北海道 / 札幌勤務】【エキスパート / リード経験者歓迎】リクルートグループにおけるデータ利活用を推進するBIエンジニア', 'min_salary': 625, 'max_salary': 814, 'areas': ['北海道'], 'photo_url': 'https://www.green-japan.com/photo/307872'}, {'id': 288105, 'title': '【関西勤務】【エキスパート / リード経験者歓迎】リクルートグループにおけるデータ利活用を推進するBIエンジニア', 'name': '【関西勤務】【エキスパート / リード経験者歓迎】リクルートグループにおけるデータ利活用を推進するBIエンジニア', 'min_salary': 625, 'max_salary': 814, 'areas': ['大阪府', '兵庫県', '京都府', '滋賀県', '奈良県', '和歌山県'], 'photo_url': 'https://www.green-japan.com/photo/307872'}, {'id': 281636, 'title': '【北海道 / 札幌勤務】リクルートグループ案件におけるデータエンジニア/BIエンジニア', 'name': '【北海道 / 札幌勤務】【経験者歓迎】リクルートグループにおけるデータ利活用を推進するBIエンジニア', 'min_salary': 512, 'max_salary': 743, 'areas': ['北海道'], 'photo_url': 'https://www.green-japan.com/photo/307872'}, {'id': 288121, 'title': '【関西勤務】【エキスパート / リード経験者歓迎】リクルートグループのアクセスログの活用を推進するアナリティクスエンジニア / BIエンジニア', 'name': '【関西勤務】【エキスパート / リード経験者歓迎】リクルートグループのアクセスログの活用を推進するアナリティクスエンジニア / BIエンジニア', 'min_salary': 625, 'max_salary': 814, 'areas': ['大阪府', '兵庫県', '京都府', '滋賀県', '奈良県', '和歌山県'], 'photo_url': 'https://www.green-japan.com/photo/307872'}, {'id': 281637, 'title': '【東北勤務】リクルートグループ案件におけるデータエンジニア/BIエンジニア', 'name': '【東北勤務】【ポテンシャル歓迎】リクルートグループにおけるデータ利活用を推進するBIエンジニア', 'min_salary': 420, 'max_salary': 625, 'areas': ['青森県', '岩手県', '宮城県', '秋田県', '山形県', '福島県'], 'photo_url': 'https://www.green-japan.com/photo/307872'}, {'id': 288103, 'title': '【東北勤務】【エキスパート / リード経験者歓迎】リクルートグループにおけるデータ利活用を推進するBIエンジニア', 'name': '【東北勤務】【エキスパート / リード経験者歓迎】リクルートグループにおけるデータ利活用を推進するBIエンジニア', 'min_salary': 625, 'max_salary': 814, 'areas': ['青森県', '岩手県', '宮城県', '秋田県', '山形県', '福島県'], 'photo_url': 'https://www.green-japan.com/photo/307872'}, {'id': 288108, 'title': '【九州/福岡勤務】【エキスパート / リード経験者歓迎】リクルートグループにおけるデータ利活用を推進するBIエンジニア', 'name': '【九州/福岡勤務】【エキスパート / リード経験者歓迎】リクルートグループにおけるデータ利活用を推進するBIエンジニア', 'min_salary': 625, 'max_salary': 814, 'areas': ['福岡県', '佐賀県', '長崎県', '熊本県', '大分県', '宮崎県', '鹿児島県'], 'photo_url': 'https://www.green-japan.com/photo/307872'}, {'id': 288104, 'title': '【東海勤務】【エキスパート / リード経験者歓迎】リクルートグループにおけるデータ利活用を推進するBIエンジニア', 'name': '【東海勤務】【エキスパート / リード経験者歓迎】リクルートグループにおけるデータ利活用を推進するBIエンジニア', 'min_salary': 625, 'max_salary': 814, 'areas': ['愛知県', '岐阜県', '静岡県'], 'photo_url': 'https://www.green-japan.com/photo/307872'}, {'id': 288123, 'title': '【九州/福岡勤務】【エキスパート / リード経験者歓迎】リクルートグループのアクセスログの活用を推進するアナリティクスエンジニア / BIエンジニア', 'name': '【九州/福岡勤務】【エキスパート / リード経験者歓迎】リクルートグループのアクセスログの活用を推進するアナリティクスエンジニア / BIエンジニア', 'min_salary': 625, 'max_salary': 814, 'areas': ['福岡県', '佐賀県', '長崎県', '熊本県', '大分県', '宮崎県', '鹿児島県'], 'photo_url': 'https://www.green-japan.com/photo/307872'}, {'id': 281642, 'title': '【北陸甲信越勤務】リクルートグループ案件におけるデータエンジニア/BIエンジニア', 'name': '【北陸甲信越勤務】【ポテンシャル歓迎】リクルートグループにおけるデータ利活用を推進するBIエンジニア', 'min_salary': 420, 'max_salary': 625, 'areas': ['新潟県', '富山県', '石川県', '福井県', '山梨県', '長野県'], 'photo_url': 'https://www.green-japan.com/photo/307872'}, {'id': 281646, 'title': '【九州/福岡勤務】リクルートグループ案件におけるデータエンジニア/BIエンジニア', 'name': '【九州/福岡勤務】【経験者歓迎】リクルートグループにおけるデータ利活用を推進するBIエンジニア', 'min_salary': 512, 'max_salary': 743, 'areas': ['福岡県', '佐賀県', '長崎県', '熊本県', '大分県', '宮崎県', '鹿児島県'], 'photo_url': 'https://www.green-japan.com/photo/307872'}, {'id': 288109, 'title': '【エキスパート / リード経験者歓迎】リクルートグループのアクセスログの活用を推進するアナリティクスエンジニア / BIエンジニア', 'name': '【エキスパート / リード経験者歓迎】リクルートグループのアクセスログの活用を推進するアナリティクスエンジニア / BIエンジニア', 'min_salary': 625, 'max_salary': 814, 'areas': ['東京都'], 'photo_url': 'https://www.green-japan.com/photo/307872'}, {'id': 288126, 'title': '【東北勤務】【経験者歓迎】リクルートグループのアクセスログの活用を推進するアナリティクスエンジニア / BIエンジニア', 'name': '【東北勤務】【経験者歓迎】リクルートグループのアクセスログの活用を推進するアナリティクスエンジニア / BIエンジニア', 'min_salary': 512, 'max_salary': 743, 'areas': ['青森県', '岩手県', '宮城県', '秋田県', '山形県', '福島県'], 'photo_url': 'https://www.green-japan.com/photo/307872'}, {'id': 270012, 'title': '【関西勤務】リクルートグループ案件におけるデータエンジニア/BIエンジニア', 'name': '【関西勤務】【ポテンシャル歓迎】リクルートグループにおけるデータ利活用を推進するBIエンジニア', 'min_salary': 420, 'max_salary': 625, 'areas': ['大阪府', '兵庫県', '京都府', '滋賀県', '奈良県', '和歌山県'], 'photo_url': 'https://www.green-japan.com/photo/307872'}, {'id': 288055, 'title': '【北陸甲信越勤務】【エキスパート / リード経験者歓迎】リクルートグループにおけるデータ利活用を推進するBIエンジニア', 'name': '【北陸甲信越勤務】【エキスパート / リード経験者歓迎】リクルートグループにおけるデータ利活用を推進するBIエンジニア', 'min_salary': 625, 'max_salary': 814, 'areas': ['新潟県', '富山県', '石川県', '福井県', '山梨県', '長野県'], 'photo_url': 'https://www.green-japan.com/photo/307872'}, {'id': 261573, 'title': 'リクルートグループ案件におけるデータエンジニア/BIエンジニア', 'name': '【経験者歓迎】リクルートグループにおけるデータ利活用を推進するBIエンジニア', 'min_salary': 512, 'max_salary': 743, 'areas': ['東京都'], 'photo_url': 'https://www.green-japan.com/photo/307872'}, {'id': 288130, 'title': '【中国･四国勤務】【経験者歓迎】リクルートグループのアクセスログの活用を推進するアナリティクスエンジニア / BIエンジニア', 'name': '【中国･四国勤務】【経験者歓迎】リクルートグループのアクセスログの活用を推進するアナリティクスエンジニア / BIエンジニア', 'min_salary': 512, 'max_salary': 743, 'areas': ['鳥取県', '島根県', '岡山県', '広島県', '山口県', '徳島県', '香川県', '愛媛県', '高知県'], 'photo_url': 'https://www.green-japan.com/photo/307872'}, {'id': 261572, 'title': 'リクルートグループ案件におけるデータエンジニア/BIエンジニア', 'name': '【ポテンシャル歓迎】リクルートグループにおけるデータ利活用を推進するBIエンジニア', 'min_salary': 420, 'max_salary': 625, 'areas': ['東京都'], 'photo_url': 'https://www.green-japan.com/photo/307872'}, {'id': 281644, 'title': '【中国・四国勤務】リクルートグループ案件におけるデータエンジニア/BIエンジニア', 'name': '【中国・四国勤務】【ポテンシャル歓迎】リクルートグループにおけるデータ利活用を推進するBIエンジニア', 'min_salary': 420, 'max_salary': 625, 'areas': ['鳥取県', '島根県', '岡山県', '広島県', '山口県', '徳島県', '香川県', '愛媛県', '高知県'], 'photo_url': 'https://www.green-japan.com/photo/307872'}, {'id': 281643, 'title': '【北陸甲信越勤務】リクルートグループ案件におけるデータエンジニア/BIエンジニア', 'name': '【北陸甲信越勤務】【経験者歓迎】リクルートグループにおけるデータ利活用を推進するBIエンジニア', 'min_salary': 512, 'max_salary': 743, 'areas': ['新潟県', '富山県', '石川県', '福井県', '山梨県', '長野県'], 'photo_url': 'https://www.green-japan.com/photo/307872'}, {'id': 283326, 'title': '【関西勤務】リクルートグループ案件におけるデータエンジニア/BIエンジニア', 'name': '【関西勤務】【経験者歓迎】リクルートグループにおけるデータ利活用を推進するBIエンジニア', 'min_salary': 512, 'max_salary': 743, 'areas': ['大阪府', '兵庫県', '京都府', '滋賀県', '奈良県', '和歌山県'], 'photo_url': 'https://www.green-japan.com/photo/307872'}, {'id': 288125, 'title': '【北海道/札幌勤務】【経験者歓迎】リクルートグループのアクセスログの活用を推進するアナリティクスエンジニア / BIエンジニア', 'name': '【北海道/札幌勤務】【経験者歓迎】リクルートグループのアクセスログの活用を推進するアナリティクスエンジニア / BIエンジニア', 'min_salary': 512, 'max_salary': 743, 'areas': ['北海道'], 'photo_url': 'https://www.green-japan.com/photo/307872'}, {'id': 288131, 'title': '【九州/福岡勤務】【経験者歓迎】リクルートグループのアクセスログの活用を推進するアナリティクスエンジニア / BIエンジニア', 'name': '【九州/福岡勤務】【経験者歓迎】リクルートグループのアクセスログの活用を推進するアナリティクスエンジニア / BIエンジニア', 'min_salary': 512, 'max_salary': 743, 'areas': ['福岡県', '佐賀県', '長崎県', '熊本県', '大分県', '宮崎県', '鹿児島県'], 'photo_url': 'https://www.green-japan.com/photo/307872'}, {'id': 270013, 'title': '【九州/福岡勤務】リクルートグループ案件におけるデータエンジニア/BIエンジニア', 'name': '【九州/福岡勤務】【ポテンシャル歓迎】リクルートグループにおけるデータ利活用を推進するBIエンジニア', 'min_salary': 420, 'max_salary': 625, 'areas': ['福岡県', '佐賀県', '長崎県', '熊本県', '大分県', '宮崎県', '鹿児島県'], 'photo_url': 'https://www.green-japan.com/photo/307872'}, {'id': 281635, 'title': '【北海道 / 札幌勤務】リクルートグループ案件におけるデータエンジニア/BIエンジニア', 'name': '【北海道 / 札幌勤務】【ポテンシャル歓迎】リクルートグループにおけるデータ利活用を推進するBIエンジニア', 'min_salary': 420, 'max_salary': 625, 'areas': ['北海道'], 'photo_url': 'https://www.green-japan.com/photo/307872'}, {'id': 288052, 'title': '【エキスパート / リード経験者歓迎】リクルートグループにおけるデータ利活用を推進するBIエンジニア', 'name': '【エキスパート / リード経験者歓迎】リクルートグループにおけるデータ利活用を推進するBIエンジニア', 'min_salary': 625, 'max_salary': 814, 'areas': ['東京都'], 'photo_url': 'https://www.green-japan.com/photo/307872'}]",[],"['職種未経験歓迎', '業界未経験歓迎', '週に1回以上のリモート', '副業可', 'フレックスタイム']","{'photo_url': None, 'name': 'デザイン思考に基づくUI・UX制作事業', 'introduction': 'デザイン思考を基にしたUI・UXデザインと開発・運用のワンストップサービス。クライアントの課題に真正面から向き合う伴走型のサポートで革新を形にします。'}","{'is_already_favorite_from_user': False, 'is_already_favorite_from_client': False, 'is_already_want_to_talk': False, 'is_already_want_to_meet': False}","{'can_apply': True, 'is_job_offer_closed': False, 'is_scout_received': False, 'message_thread_id': 0}"
177585,【データエンジニア】自社取得のテレビ視聴データの仕組み・基盤を整え、レガシーなテレビCMの巨大市場をまるごとDX化する【IPO準備中】,データエンジニア,"{'id': 5652, 'name': '株式会社 スイッチメディア', 'title': '「広告費の無駄を成長への投資に変える」テクノロジーの力で変革することを目指す上場直前のスタートアップ', 'established_at': 1349017200, 'employee_count': 31, 'company_features': ['上場を目指す', '自社サービス製品あり'], 'logo_photo_url': 'https://www.green-japan.com/photo/630473'}","['https://www.green-japan.com/photo/468853', 'https://www.green-japan.com/photo/468865', 'https://www.green-japan.com/photo/364567']","「テレビ広告のDX」×「自社収集データ基盤の仕組みづくり×データエンジニア」

【業務内容】
データを効率的に管理・分析するための仕組みづくりをお任せします

- 自社収集した一次データをサービスとして利活用するための仕組み(ETL)を整える
- 業務DBなどから収集したデータのモニタリング、正確性の担保
- Web開発のために必要なデータの準備
- 分析用のデータベースの設計・構築、運用
- ダッシュボードなどによるデータ可視化・データ抽出

【開発環境】
現在、新プロダクトの開発を行っており、
Kotlin＋DDDのモダンな技術を取り入れています。

　- 言語：Kotlin（Ktor）、Vuejs（TypeScript）
　- DB：Aurora PostgreSQL, AWS EMR（Hadoop）
　- インフラ：AWS、Terraform、CloudFormation

※上記の経験全てお持ちの方でなくても、習得する意欲のある方であれば歓迎です

【開発チームメンバー】
開発チームは未踏エンジニアがCTOを務め、現在は業務委託の方を中心にシステム開発を進めております。
その他、noteやコナミ、NTTグループ出身者など様々なメンバーが在籍しています。

【プロダクトについて】
テレビCMを売上につなげるための新SaaS「TVAL」
多額のマーケティング投資を必要とするテレビCMが、「売上にどれだけ貢献しているのか」「どれだけ効率化できるのか」分からないということが、経営者やマーケターにとって長年の悩みでした。 私たちが提供するプロダクトは、精度の高いテレビ視聴データや、購買履歴やパソコン・スマートフォンの閲覧履歴の実データを活用し、テレビCMを視聴した人が実際に商品を購入したのかを分析し、成果につなげることができます。さらなる展望としては、Netflixなどのインターネットテレビのデータの取得・提供すべく、データ取得の仕組みの研究を進めているところです。

▼主要取引先
花王、Google、資生堂、ユニ・チャーム、電通、博報堂、ADK、サイバーエー ジェント、オプト、民放キー局　他多数

【サービスの競合優位性】
テレビ広告やインターネット広告などで「安価にテレビCMを配信可能」「テレビ広告の成果を可視化する」といったサービスを目にした機会があるかもしれません。
弊社はそうしたサービス事業者に対して「独自のテレビ視聴データ」の情報を提供する側であり、独自のポジショニングを確立しています。

■量の優位性：国内トップクラスのテレビ視聴パネルを構築（10,000世帯、24,000人）
■質の優位性：年収や車・家電の所有状況、ライフスタイルなど150項目以上の詳細な属性で視聴者分析が可能となり、広告主はよりターゲットに近い人にテレビCＭを届けることが可能

【組織風土】
「ワンチーム」という言葉の元に全員でプロダクトを作りにいく
テレビCMを取り巻く市場にはまだ多くの課題が残されており、日々その課題を一番触れているのは現場のメンバー達です。わたしたちは現場主義を重要視しており、裁量は非常に大きく、組織はフラット。「全員でプロダクトを作りにいく」というフェーズにありコミュニケーションは非常に取りやすい環境です。
会社としても、業界としても、非常に大きな変化を迎えている時期であり、かつ世の中に模倣できる前例がないからこそ、一人ひとりの主体的な行動や提案が業界のデファクトスタンダードとなるチャンスも多くあります。他では得難い経験を積むことができるフェーズのど真ん中であることは間違いありません。",['東京都'],650,900,"['C', 'SQL', 'Hadoop', 'TypeScript', 'AWS', 'PostgreSQL', 'Kotlin', 'DDD']","['週に1回以上のリモート', 'リモート勤務の相談可', 'フレックスタイム', 'toB自社サービス', '転勤なし', '学歴不問', '服装自由']",False,1755053770,True,[],[],"['週に1回以上のリモート', 'フレックスタイム']","{'photo_url': 'https://www.green-japan.com/photo/646149', 'name': 'テレビ×デジタル 広告分析サービス「TVAL」', 'introduction': 'テレビCMとインターネット広告の効果を横断的に分析し、売上や成果への貢献度を定量的に可視化できるマーケティングSaaSです。'}","{'is_already_favorite_from_user': False, 'is_already_favorite_from_client': False, 'is_already_want_to_talk': False, 'is_already_want_to_meet': False}","{'can_apply': True, 'is_job_offer_closed': False, 'is_scout_received': False, 'message_thread_id': 0}"
